UTC start: 2026-10-07T07:16:25.155481+00:00
CWD: /tmp/u1-cold-clone-rwaqeoco/checkout
$ gh run view 37585143201 --repo kakoee/rk-uarch --log
licences-and-patches	Set up job	﻿2026-10-07T07:04:48.6010458Z Current runner version: '2.337.0'
licences-and-patches	Set up job	2026-10-07T07:04:48.6047221Z ##[group]Runner Image Provisioner
licences-and-patches	Set up job	2026-10-07T07:04:48.6048694Z Hosted Compute Agent
licences-and-patches	Set up job	2026-10-07T07:04:48.6049712Z Version: 20261002.596
licences-and-patches	Set up job	2026-10-07T07:04:48.6050745Z Commit: c3d12f3313a95f25162a1503be624f3b0617f8c0
licences-and-patches	Set up job	2026-10-07T07:04:48.6052061Z Build Date: 2026-10-02T22:28:27Z
licences-and-patches	Set up job	2026-10-07T07:04:48.6053283Z Worker ID: {705ef039-986c-4780-9e5b-bd28158e2d2d}
licences-and-patches	Set up job	2026-10-07T07:04:48.6054784Z Region: eastus2
licences-and-patches	Set up job	2026-10-07T07:04:48.6055816Z Cloud: Azure
licences-and-patches	Set up job	2026-10-07T07:04:48.6056726Z ##[endgroup]
licences-and-patches	Set up job	2026-10-07T07:04:48.6059359Z ##[group]Operating System
licences-and-patches	Set up job	2026-10-07T07:04:48.6060586Z Ubuntu
licences-and-patches	Set up job	2026-10-07T07:04:48.6061492Z 24.04.5
licences-and-patches	Set up job	2026-10-07T07:04:48.6062589Z LTS
licences-and-patches	Set up job	2026-10-07T07:04:48.6063545Z ##[endgroup]
licences-and-patches	Set up job	2026-10-07T07:04:48.6064835Z ##[group]Runner Image
licences-and-patches	Set up job	2026-10-07T07:04:48.6065971Z Image: ubuntu-24.04
licences-and-patches	Set up job	2026-10-07T07:04:48.6066987Z Version: 20261004.327.1
licences-and-patches	Set up job	2026-10-07T07:04:48.6069074Z Included Software: https://github.com/actions/runner-images/blob/ubuntu24/20261004.327/images/ubuntu/Ubuntu2404-Readme.md
licences-and-patches	Set up job	2026-10-07T07:04:48.6072306Z Image Release: https://github.com/actions/runner-images/releases/tag/ubuntu24%2F20261004.327
licences-and-patches	Set up job	2026-10-07T07:04:48.6074139Z ##[endgroup]
licences-and-patches	Set up job	2026-10-07T07:04:48.6076599Z ##[group]GITHUB_TOKEN Permissions
licences-and-patches	Set up job	2026-10-07T07:04:48.6079454Z Contents: read
licences-and-patches	Set up job	2026-10-07T07:04:48.6080537Z Metadata: read
licences-and-patches	Set up job	2026-10-07T07:04:48.6081743Z Packages: read
licences-and-patches	Set up job	2026-10-07T07:04:48.6082756Z ##[endgroup]
licences-and-patches	Set up job	2026-10-07T07:04:48.6086688Z Secret source: Actions
licences-and-patches	Set up job	2026-10-07T07:04:48.6088264Z Cache mode: write
licences-and-patches	Set up job	2026-10-07T07:04:48.6089666Z Prepare workflow directory
licences-and-patches	Set up job	2026-10-07T07:04:48.6553725Z Prepare all required actions
licences-and-patches	Set up job	2026-10-07T07:04:48.6623861Z Getting action download info
licences-and-patches	Set up job	2026-10-07T07:04:48.8685819Z Download action repository 'actions/checkout@v4' (SHA:11d5960a326750d5838078e36cf38b85af677262)
licences-and-patches	Set up job	2026-10-07T07:04:48.9559169Z Download action repository 'astral-sh/setup-uv@v3' (SHA:caf0cab7a618c569241d31dcd442f54681755d39)
licences-and-patches	Set up job	2026-10-07T07:04:49.2993611Z Complete job name: licences-and-patches
licences-and-patches	Run actions/checkout@v4	﻿2026-10-07T07:04:49.3758161Z ##[group]Run actions/checkout@v4
licences-and-patches	Run actions/checkout@v4	2026-10-07T07:04:49.3759051Z with:
licences-and-patches	Run actions/checkout@v4	2026-10-07T07:04:49.3759506Z   repository: kakoee/rk-uarch
licences-and-patches	Run actions/checkout@v4	2026-10-07T07:04:49.3763212Z   token: ***
licences-and-patches	Run actions/checkout@v4	2026-10-07T07:04:49.3763655Z   ssh-strict: true
licences-and-patches	Run actions/checkout@v4	2026-10-07T07:04:49.3764107Z   ssh-user: git
licences-and-patches	Run actions/checkout@v4	2026-10-07T07:04:49.3764793Z   persist-credentials: true
licences-and-patches	Run actions/checkout@v4	2026-10-07T07:04:49.3765317Z   clean: true
licences-and-patches	Run actions/checkout@v4	2026-10-07T07:04:49.3765777Z   sparse-checkout-cone-mode: true
licences-and-patches	Run actions/checkout@v4	2026-10-07T07:04:49.3766309Z   fetch-depth: 1
licences-and-patches	Run actions/checkout@v4	2026-10-07T07:04:49.3766744Z   fetch-tags: false
licences-and-patches	Run actions/checkout@v4	2026-10-07T07:04:49.3767191Z   show-progress: true
licences-and-patches	Run actions/checkout@v4	2026-10-07T07:04:49.3767636Z   lfs: false
licences-and-patches	Run actions/checkout@v4	2026-10-07T07:04:49.3768060Z   submodules: false
licences-and-patches	Run actions/checkout@v4	2026-10-07T07:04:49.3768520Z   set-safe-directory: true
licences-and-patches	Run actions/checkout@v4	2026-10-07T07:04:49.3769034Z   allow-unsafe-pr-checkout: false
licences-and-patches	Run actions/checkout@v4	2026-10-07T07:04:49.3769840Z ##[endgroup]
licences-and-patches	Run actions/checkout@v4	2026-10-07T07:04:49.4786723Z Syncing repository: kakoee/rk-uarch
licences-and-patches	Run actions/checkout@v4	2026-10-07T07:04:49.4788580Z ##[group]Getting Git version info
licences-and-patches	Run actions/checkout@v4	2026-10-07T07:04:49.4789347Z Working directory is '/home/runner/work/rk-uarch/rk-uarch'
licences-and-patches	Run actions/checkout@v4	2026-10-07T07:04:49.4790436Z [command]/usr/bin/git version
licences-and-patches	Run actions/checkout@v4	2026-10-07T07:04:49.4845147Z git version 2.55.0
licences-and-patches	Run actions/checkout@v4	2026-10-07T07:04:49.4867195Z ##[endgroup]
licences-and-patches	Run actions/checkout@v4	2026-10-07T07:04:49.4880141Z Temporarily overriding HOME='/home/runner/work/_temp/791b3d1d-5824-4516-865f-5f322871ecbe' before making global git config changes
licences-and-patches	Run actions/checkout@v4	2026-10-07T07:04:49.4882278Z Adding repository directory to the temporary git global config as a safe directory
licences-and-patches	Run actions/checkout@v4	2026-10-07T07:04:49.4885113Z [command]/usr/bin/git config --global --add safe.directory /home/runner/work/rk-uarch/rk-uarch
licences-and-patches	Run actions/checkout@v4	2026-10-07T07:04:49.4932778Z Deleting the contents of '/home/runner/work/rk-uarch/rk-uarch'
licences-and-patches	Run actions/checkout@v4	2026-10-07T07:04:49.4937262Z ##[group]Initializing the repository
licences-and-patches	Run actions/checkout@v4	2026-10-07T07:04:49.4941158Z [command]/usr/bin/git init /home/runner/work/rk-uarch/rk-uarch
licences-and-patches	Run actions/checkout@v4	2026-10-07T07:04:49.5041871Z hint: Using 'master' as the name for the initial branch. This default branch name
licences-and-patches	Run actions/checkout@v4	2026-10-07T07:04:49.5043421Z hint: will change to "main" in Git 3.0. To configure the initial branch name
licences-and-patches	Run actions/checkout@v4	2026-10-07T07:04:49.5045670Z hint: to use in all of your new repositories, which will suppress this warning,
licences-and-patches	Run actions/checkout@v4	2026-10-07T07:04:49.5047064Z hint: call:
licences-and-patches	Run actions/checkout@v4	2026-10-07T07:04:49.5047990Z hint:
licences-and-patches	Run actions/checkout@v4	2026-10-07T07:04:49.5048623Z hint: 	git config --global init.defaultBranch <name>
licences-and-patches	Run actions/checkout@v4	2026-10-07T07:04:49.5049294Z hint:
licences-and-patches	Run actions/checkout@v4	2026-10-07T07:04:49.5049931Z hint: Names commonly chosen instead of 'master' are 'main', 'trunk' and
licences-and-patches	Run actions/checkout@v4	2026-10-07T07:04:49.5051631Z hint: 'development'. The just-created branch can be renamed via this command:
licences-and-patches	Run actions/checkout@v4	2026-10-07T07:04:49.5052926Z hint:
licences-and-patches	Run actions/checkout@v4	2026-10-07T07:04:49.5053403Z hint: 	git branch -m <name>
licences-and-patches	Run actions/checkout@v4	2026-10-07T07:04:49.5053925Z hint:
licences-and-patches	Run actions/checkout@v4	2026-10-07T07:04:49.5054844Z hint: Disable this message with "git config set advice.defaultBranchName false"
licences-and-patches	Run actions/checkout@v4	2026-10-07T07:04:49.5056229Z Initialized empty Git repository in /home/runner/work/rk-uarch/rk-uarch/.git/
licences-and-patches	Run actions/checkout@v4	2026-10-07T07:04:49.5058390Z [command]/usr/bin/git remote add origin https://github.com/kakoee/rk-uarch
licences-and-patches	Run actions/checkout@v4	2026-10-07T07:04:49.5105593Z ##[endgroup]
licences-and-patches	Run actions/checkout@v4	2026-10-07T07:04:49.5106423Z ##[group]Disabling automatic garbage collection
licences-and-patches	Run actions/checkout@v4	2026-10-07T07:04:49.5111004Z [command]/usr/bin/git config --local gc.auto 0
licences-and-patches	Run actions/checkout@v4	2026-10-07T07:04:49.5141398Z ##[endgroup]
licences-and-patches	Run actions/checkout@v4	2026-10-07T07:04:49.5142854Z ##[group]Setting up auth
licences-and-patches	Run actions/checkout@v4	2026-10-07T07:04:49.5148957Z [command]/usr/bin/git config --local --name-only --get-regexp core\.sshCommand
licences-and-patches	Run actions/checkout@v4	2026-10-07T07:04:49.5178291Z [command]/usr/bin/git submodule foreach --recursive sh -c "git config --local --name-only --get-regexp 'core\.sshCommand' && git config --local --unset-all 'core.sshCommand' || :"
licences-and-patches	Run actions/checkout@v4	2026-10-07T07:04:49.5507705Z [command]/usr/bin/git config --local --name-only --get-regexp http\.https\:\/\/github\.com\/\.extraheader
licences-and-patches	Run actions/checkout@v4	2026-10-07T07:04:49.5536518Z [command]/usr/bin/git submodule foreach --recursive sh -c "git config --local --name-only --get-regexp 'http\.https\:\/\/github\.com\/\.extraheader' && git config --local --unset-all 'http.https://github.com/.extraheader' || :"
licences-and-patches	Run actions/checkout@v4	2026-10-07T07:04:49.5777405Z [command]/usr/bin/git config --local --name-only --get-regexp ^includeIf\.gitdir:
licences-and-patches	Run actions/checkout@v4	2026-10-07T07:04:49.5807280Z [command]/usr/bin/git submodule foreach --recursive git config --local --show-origin --name-only --get-regexp remote.origin.url
licences-and-patches	Run actions/checkout@v4	2026-10-07T07:04:49.6042164Z [command]/usr/bin/git config --local http.https://github.com/.extraheader AUTHORIZATION: basic ***
licences-and-patches	Run actions/checkout@v4	2026-10-07T07:04:49.6080586Z ##[endgroup]
licences-and-patches	Run actions/checkout@v4	2026-10-07T07:04:49.6082657Z ##[group]Fetching the repository
licences-and-patches	Run actions/checkout@v4	2026-10-07T07:04:49.6091074Z [command]/usr/bin/git -c protocol.version=2 fetch --no-tags --prune --no-recurse-submodules --depth=1 origin +44559fb1672e4d3468b4b6fc930cfdf4b4c1e99e:refs/remotes/origin/main
licences-and-patches	Run actions/checkout@v4	2026-10-07T07:04:49.9426009Z From https://github.com/kakoee/rk-uarch
licences-and-patches	Run actions/checkout@v4	2026-10-07T07:04:49.9428010Z  * [new ref]         44559fb1672e4d3468b4b6fc930cfdf4b4c1e99e -> origin/main
licences-and-patches	Run actions/checkout@v4	2026-10-07T07:04:49.9430958Z ##[endgroup]
licences-and-patches	Run actions/checkout@v4	2026-10-07T07:04:49.9431924Z ##[group]Determining the checkout info
licences-and-patches	Run actions/checkout@v4	2026-10-07T07:04:49.9433042Z ##[endgroup]
licences-and-patches	Run actions/checkout@v4	2026-10-07T07:04:49.9433882Z [command]/usr/bin/git sparse-checkout disable
licences-and-patches	Run actions/checkout@v4	2026-10-07T07:04:49.9458379Z [command]/usr/bin/git config --local --unset-all extensions.worktreeConfig
licences-and-patches	Run actions/checkout@v4	2026-10-07T07:04:49.9489325Z ##[group]Checking out the ref
licences-and-patches	Run actions/checkout@v4	2026-10-07T07:04:49.9492443Z [command]/usr/bin/git checkout --progress --force -B main refs/remotes/origin/main
licences-and-patches	Run actions/checkout@v4	2026-10-07T07:04:49.9841290Z Switched to a new branch 'main'
licences-and-patches	Run actions/checkout@v4	2026-10-07T07:04:49.9848030Z branch 'main' set up to track 'origin/main'.
licences-and-patches	Run actions/checkout@v4	2026-10-07T07:04:49.9852434Z ##[endgroup]
licences-and-patches	Run actions/checkout@v4	2026-10-07T07:04:49.9891783Z [command]/usr/bin/git log -1 --format=%H
licences-and-patches	Run actions/checkout@v4	2026-10-07T07:04:49.9915319Z 44559fb1672e4d3468b4b6fc930cfdf4b4c1e99e
licences-and-patches	Run astral-sh/setup-uv@v3	﻿2026-10-07T07:04:50.0318917Z ##[group]Run astral-sh/setup-uv@v3
licences-and-patches	Run astral-sh/setup-uv@v3	2026-10-07T07:04:50.0320295Z with:
licences-and-patches	Run astral-sh/setup-uv@v3	2026-10-07T07:04:50.0321233Z   version: latest
licences-and-patches	Run astral-sh/setup-uv@v3	2026-10-07T07:04:50.0331312Z   github-token: ***
licences-and-patches	Run astral-sh/setup-uv@v3	2026-10-07T07:04:50.0332491Z   enable-cache: false
licences-and-patches	Run astral-sh/setup-uv@v3	2026-10-07T07:04:50.0333609Z   cache-dependency-glob: **/uv.lock
licences-and-patches	Run astral-sh/setup-uv@v3	2026-10-07T07:04:50.0335060Z   prune-cache: true
licences-and-patches	Run astral-sh/setup-uv@v3	2026-10-07T07:04:50.0336090Z ##[endgroup]
licences-and-patches	Run astral-sh/setup-uv@v3	2026-10-07T07:04:50.1687108Z Downloading uv from "https://github.com/astral-sh/uv/releases/latest/download/uv-x86_64-unknown-linux-gnu.tar.gz" ...
licences-and-patches	Run astral-sh/setup-uv@v3	2026-10-07T07:04:50.1700092Z (node:2301) [DEP0040] DeprecationWarning: The `punycode` module is deprecated. Please use a userland alternative instead.
licences-and-patches	Run astral-sh/setup-uv@v3	2026-10-07T07:04:50.1704274Z (Use `node --trace-deprecation ...` to show where the warning was created)
licences-and-patches	Run astral-sh/setup-uv@v3	2026-10-07T07:04:50.5328856Z [command]/usr/bin/tar xz --warning=no-unknown-keyword --overwrite -C /home/runner/work/_temp/6bdf242e-7ba2-41e6-820e-312c9e77cb6a -f /home/runner/work/_temp/77df5953-97cb-4f69-8f17-d0e5189af17c
licences-and-patches	Run astral-sh/setup-uv@v3	2026-10-07T07:04:50.9195050Z Added /opt/hostedtoolcache/uv/0.12.23/x86_64 to the path
licences-and-patches	Run astral-sh/setup-uv@v3	2026-10-07T07:04:50.9197596Z Added /home/runner/.local/bin to the path
licences-and-patches	Run astral-sh/setup-uv@v3	2026-10-07T07:04:50.9201270Z Successfully installed uv version 0.12.23
licences-and-patches	Run astral-sh/setup-uv@v3	2026-10-07T07:04:50.9221232Z Set UV_CACHE_DIR to /home/runner/work/_temp/setup-uv-cache
licences-and-patches	Run uv sync --extra dev	﻿2026-10-07T07:04:50.9378483Z ##[group]Run uv sync --extra dev
licences-and-patches	Run uv sync --extra dev	2026-10-07T07:04:50.9378917Z [36;1muv sync --extra dev[0m
licences-and-patches	Run uv sync --extra dev	2026-10-07T07:04:50.9631293Z shell: /usr/bin/bash -e {0}
licences-and-patches	Run uv sync --extra dev	2026-10-07T07:04:50.9631690Z env:
licences-and-patches	Run uv sync --extra dev	2026-10-07T07:04:50.9632048Z   UV_CACHE_DIR: /home/runner/work/_temp/setup-uv-cache
licences-and-patches	Run uv sync --extra dev	2026-10-07T07:04:50.9632491Z ##[endgroup]
licences-and-patches	Run uv sync --extra dev	2026-10-07T07:04:51.0288741Z Using CPython 3.12.3 interpreter at: /usr/bin/python3.12
licences-and-patches	Run uv sync --extra dev	2026-10-07T07:04:51.0289335Z Creating virtual environment at: .venv
licences-and-patches	Run uv sync --extra dev	2026-10-07T07:04:51.0313177Z Resolved 41 packages in 0.87ms
licences-and-patches	Run uv sync --extra dev	2026-10-07T07:04:51.0365989Z    Building rk-uarch @ file:///home/runner/work/rk-uarch/rk-uarch
licences-and-patches	Run uv sync --extra dev	2026-10-07T07:04:51.1182617Z Downloading pydantic-core (2.0MiB)
licences-and-patches	Run uv sync --extra dev	2026-10-07T07:04:51.1342614Z Downloading ast-serialize (1.3MiB)
licences-and-patches	Run uv sync --extra dev	2026-10-07T07:04:51.1343945Z Downloading mypy (14.6MiB)
licences-and-patches	Run uv sync --extra dev	2026-10-07T07:04:51.1345431Z Downloading numpy (15.9MiB)
licences-and-patches	Run uv sync --extra dev	2026-10-07T07:04:51.1353840Z Downloading hypothesis (1.1MiB)
licences-and-patches	Run uv sync --extra dev	2026-10-07T07:04:51.1355351Z Downloading pygments (1.2MiB)
licences-and-patches	Run uv sync --extra dev	2026-10-07T07:04:51.1358709Z Downloading grimp (2.2MiB)
licences-and-patches	Run uv sync --extra dev	2026-10-07T07:04:51.1361194Z Downloading ruff (9.9MiB)
licences-and-patches	Run uv sync --extra dev	2026-10-07T07:04:51.4254189Z  Downloaded ast-serialize
licences-and-patches	Run uv sync --extra dev	2026-10-07T07:04:51.4256318Z  Downloaded hypothesis
licences-and-patches	Run uv sync --extra dev	2026-10-07T07:04:51.4307896Z  Downloaded pygments
licences-and-patches	Run uv sync --extra dev	2026-10-07T07:04:51.4619559Z  Downloaded pydantic-core
licences-and-patches	Run uv sync --extra dev	2026-10-07T07:04:51.4728589Z  Downloaded grimp
licences-and-patches	Run uv sync --extra dev	2026-10-07T07:04:51.5785506Z  Downloaded ruff
licences-and-patches	Run uv sync --extra dev	2026-10-07T07:04:51.6582952Z  Downloaded numpy
licences-and-patches	Run uv sync --extra dev	2026-10-07T07:04:51.7092371Z  Downloaded mypy
licences-and-patches	Run uv sync --extra dev	2026-10-07T07:04:51.7319624Z       Built rk-uarch @ file:///home/runner/work/rk-uarch/rk-uarch
licences-and-patches	Run uv sync --extra dev	2026-10-07T07:04:51.7330521Z Prepared 35 packages in 700ms
licences-and-patches	Run uv sync --extra dev	2026-10-07T07:04:51.7839579Z Installed 35 packages in 50ms
licences-and-patches	Run uv sync --extra dev	2026-10-07T07:04:51.7840292Z  + annotated-doc==0.0.5
licences-and-patches	Run uv sync --extra dev	2026-10-07T07:04:51.7840751Z  + annotated-types==0.8.0
licences-and-patches	Run uv sync --extra dev	2026-10-07T07:04:51.7841193Z  + ast-serialize==0.11.2
licences-and-patches	Run uv sync --extra dev	2026-10-07T07:04:51.7841648Z  + click==8.5.0
licences-and-patches	Run uv sync --extra dev	2026-10-07T07:04:51.7842027Z  + coverage==7.16.2
licences-and-patches	Run uv sync --extra dev	2026-10-07T07:04:51.7842412Z  + grimp==3.17
licences-and-patches	Run uv sync --extra dev	2026-10-07T07:04:51.7842804Z  + hypothesis==6.168.3
licences-and-patches	Run uv sync --extra dev	2026-10-07T07:04:51.7843260Z  + import-linter==2.15
licences-and-patches	Run uv sync --extra dev	2026-10-07T07:04:51.7843686Z  + iniconfig==2.3.0
licences-and-patches	Run uv sync --extra dev	2026-10-07T07:04:51.7844062Z  + jinja2==3.1.6
licences-and-patches	Run uv sync --extra dev	2026-10-07T07:04:51.7844679Z  + librt==0.16.0
licences-and-patches	Run uv sync --extra dev	2026-10-07T07:04:51.7845094Z  + markdown-it-py==4.2.0
licences-and-patches	Run uv sync --extra dev	2026-10-07T07:04:51.7845531Z  + markupsafe==3.0.3
licences-and-patches	Run uv sync --extra dev	2026-10-07T07:04:51.7845922Z  + mdurl==0.1.2
licences-and-patches	Run uv sync --extra dev	2026-10-07T07:04:51.7846291Z  + mypy==2.3.1
licences-and-patches	Run uv sync --extra dev	2026-10-07T07:04:51.7846792Z  + mypy-extensions==1.1.0
licences-and-patches	Run uv sync --extra dev	2026-10-07T07:04:51.7847326Z  + numpy==2.5.3
licences-and-patches	Run uv sync --extra dev	2026-10-07T07:04:51.7847776Z  + packaging==26.3
licences-and-patches	Run uv sync --extra dev	2026-10-07T07:04:51.7848685Z  + pathspec==1.1.1
licences-and-patches	Run uv sync --extra dev	2026-10-07T07:04:51.7849249Z  + pluggy==1.6.0
licences-and-patches	Run uv sync --extra dev	2026-10-07T07:04:51.7849663Z  + pydantic==2.13.5
licences-and-patches	Run uv sync --extra dev	2026-10-07T07:04:51.7850138Z  + pydantic-core==2.46.5
licences-and-patches	Run uv sync --extra dev	2026-10-07T07:04:51.7850587Z  + pygments==2.21.0
licences-and-patches	Run uv sync --extra dev	2026-10-07T07:04:51.7850992Z  + pytest==9.1.1
licences-and-patches	Run uv sync --extra dev	2026-10-07T07:04:51.7851471Z  + pytest-cov==7.1.0
licences-and-patches	Run uv sync --extra dev	2026-10-07T07:04:51.7852731Z  + pyyaml==6.0.3
licences-and-patches	Run uv sync --extra dev	2026-10-07T07:04:51.7853137Z  + rich==15.0.0
licences-and-patches	Run uv sync --extra dev	2026-10-07T07:04:51.7853675Z  + rk-uarch==0.0.1 (from file:///home/runner/work/rk-uarch/rk-uarch)
licences-and-patches	Run uv sync --extra dev	2026-10-07T07:04:51.7854929Z  + ruff==0.16.9
licences-and-patches	Run uv sync --extra dev	2026-10-07T07:04:51.7855338Z  + shellingham==1.5.4
licences-and-patches	Run uv sync --extra dev	2026-10-07T07:04:51.7855761Z  + sortedcontainers==2.4.0
licences-and-patches	Run uv sync --extra dev	2026-10-07T07:04:51.7856205Z  + typer==0.27.2
licences-and-patches	Run uv sync --extra dev	2026-10-07T07:04:51.7856591Z  + types-pyyaml==6.0.12.20260906
licences-and-patches	Run uv sync --extra dev	2026-10-07T07:04:51.7857060Z  + typing-extensions==4.16.0
licences-and-patches	Run uv sync --extra dev	2026-10-07T07:04:51.7857581Z  + typing-inspection==0.4.4
licences-and-patches	licences	﻿2026-10-07T07:04:56.8024075Z ##[group]Run uv run python -m pytest -q tests/unit/test_third_party.py
licences-and-patches	licences	2026-10-07T07:04:56.8024865Z [36;1muv run python -m pytest -q tests/unit/test_third_party.py[0m
licences-and-patches	licences	2026-10-07T07:04:56.8088957Z shell: /usr/bin/bash -e {0}
licences-and-patches	licences	2026-10-07T07:04:56.8089216Z env:
licences-and-patches	licences	2026-10-07T07:04:56.8089473Z   UV_CACHE_DIR: /home/runner/work/_temp/setup-uv-cache
licences-and-patches	licences	2026-10-07T07:04:56.8089802Z ##[endgroup]
licences-and-patches	licences	2026-10-07T07:04:57.9818125Z ..                                                                       [100%]
licences-and-patches	licences	2026-10-07T07:04:57.9818721Z 2 passed in 0.65s
licences-and-patches	patches	﻿2026-10-07T07:04:58.0197595Z ##[group]Run if [ -n "$(find third_party/patches -name '*.patch' -print -quit)" ]; then
licences-and-patches	patches	2026-10-07T07:04:58.0198231Z [36;1mif [ -n "$(find third_party/patches -name '*.patch' -print -quit)" ]; then[0m
licences-and-patches	patches	2026-10-07T07:04:58.0198771Z [36;1m  echo "patches exist but no apply check is wired yet; U-P5 adds it"; exit 1[0m
licences-and-patches	patches	2026-10-07T07:04:58.0199216Z [36;1melse echo "nothing yet: no patches"; fi[0m
licences-and-patches	patches	2026-10-07T07:04:58.0261059Z shell: /usr/bin/bash -e {0}
licences-and-patches	patches	2026-10-07T07:04:58.0261311Z env:
licences-and-patches	patches	2026-10-07T07:04:58.0261561Z   UV_CACHE_DIR: /home/runner/work/_temp/setup-uv-cache
licences-and-patches	patches	2026-10-07T07:04:58.0261880Z ##[endgroup]
licences-and-patches	patches	2026-10-07T07:04:58.0355403Z nothing yet: no patches
licences-and-patches	Post Run astral-sh/setup-uv@v3	﻿2026-10-07T07:04:58.0448858Z Post job cleanup.
licences-and-patches	Post Run actions/checkout@v4	﻿2026-10-07T07:04:58.1803731Z Post job cleanup.
licences-and-patches	Post Run actions/checkout@v4	2026-10-07T07:04:58.2620145Z [command]/usr/bin/git version
licences-and-patches	Post Run actions/checkout@v4	2026-10-07T07:04:58.2658106Z git version 2.55.0
licences-and-patches	Post Run actions/checkout@v4	2026-10-07T07:04:58.2695917Z Temporarily overriding HOME='/home/runner/work/_temp/2d935753-3fe3-4f0a-a3a7-1f04e37045db' before making global git config changes
licences-and-patches	Post Run actions/checkout@v4	2026-10-07T07:04:58.2697346Z Adding repository directory to the temporary git global config as a safe directory
licences-and-patches	Post Run actions/checkout@v4	2026-10-07T07:04:58.2702720Z [command]/usr/bin/git config --global --add safe.directory /home/runner/work/rk-uarch/rk-uarch
licences-and-patches	Post Run actions/checkout@v4	2026-10-07T07:04:58.2737216Z [command]/usr/bin/git config --local --name-only --get-regexp core\.sshCommand
licences-and-patches	Post Run actions/checkout@v4	2026-10-07T07:04:58.2768649Z [command]/usr/bin/git submodule foreach --recursive sh -c "git config --local --name-only --get-regexp 'core\.sshCommand' && git config --local --unset-all 'core.sshCommand' || :"
licences-and-patches	Post Run actions/checkout@v4	2026-10-07T07:04:58.2987045Z [command]/usr/bin/git config --local --name-only --get-regexp http\.https\:\/\/github\.com\/\.extraheader
licences-and-patches	Post Run actions/checkout@v4	2026-10-07T07:04:58.3011923Z http.https://github.com/.extraheader
licences-and-patches	Post Run actions/checkout@v4	2026-10-07T07:04:58.3022777Z [command]/usr/bin/git config --local --unset-all http.https://github.com/.extraheader
licences-and-patches	Post Run actions/checkout@v4	2026-10-07T07:04:58.3054181Z [command]/usr/bin/git submodule foreach --recursive sh -c "git config --local --name-only --get-regexp 'http\.https\:\/\/github\.com\/\.extraheader' && git config --local --unset-all 'http.https://github.com/.extraheader' || :"
licences-and-patches	Post Run actions/checkout@v4	2026-10-07T07:04:58.3281806Z [command]/usr/bin/git config --local --name-only --get-regexp ^includeIf\.gitdir:
licences-and-patches	Post Run actions/checkout@v4	2026-10-07T07:04:58.3318527Z [command]/usr/bin/git submodule foreach --recursive git config --local --show-origin --name-only --get-regexp remote.origin.url
licences-and-patches	Complete job	﻿2026-10-07T07:04:58.3698432Z Cleaning up orphan processes
licences-and-patches	Complete job	2026-10-07T07:04:58.3993363Z ##[warning]Node.js 20 is deprecated. The following actions target Node.js 20 but are being forced to run on Node.js 24: actions/checkout@v4, astral-sh/setup-uv@v3. For more information see: https://github.blog/changelog/2025-09-19-deprecation-of-node-20-on-github-actions-runners/
contract	Set up job	﻿2026-10-07T07:04:49.3926454Z Current runner version: '2.337.0'
contract	Set up job	2026-10-07T07:04:49.3953415Z ##[group]Runner Image Provisioner
contract	Set up job	2026-10-07T07:04:49.3954414Z Hosted Compute Agent
contract	Set up job	2026-10-07T07:04:49.3955029Z Version: 20260901.588
contract	Set up job	2026-10-07T07:04:49.3955655Z Commit: f88ec8081b781fac6c440065ac7ff9e710ce3d0b
contract	Set up job	2026-10-07T07:04:49.3956456Z Build Date: 2026-09-01T19:56:44Z
contract	Set up job	2026-10-07T07:04:49.3957169Z Worker ID: {9bbb9f89-f88e-4fa7-a1b2-c942338d95f9}
contract	Set up job	2026-10-07T07:04:49.3958328Z Azure Region: westus2
contract	Set up job	2026-10-07T07:04:49.3959045Z ##[endgroup]
contract	Set up job	2026-10-07T07:04:49.3960737Z ##[group]Operating System
contract	Set up job	2026-10-07T07:04:49.3961525Z Ubuntu
contract	Set up job	2026-10-07T07:04:49.3962108Z 24.04.5
contract	Set up job	2026-10-07T07:04:49.3962663Z LTS
contract	Set up job	2026-10-07T07:04:49.3963195Z ##[endgroup]
contract	Set up job	2026-10-07T07:04:49.3963747Z ##[group]Runner Image
contract	Set up job	2026-10-07T07:04:49.3964400Z Image: ubuntu-24.04
contract	Set up job	2026-10-07T07:04:49.3965048Z Version: 20260927.320.1
contract	Set up job	2026-10-07T07:04:49.3966118Z Included Software: https://github.com/actions/runner-images/blob/ubuntu24/20260927.320/images/ubuntu/Ubuntu2404-Readme.md
contract	Set up job	2026-10-07T07:04:49.3968464Z Image Release: https://github.com/actions/runner-images/releases/tag/ubuntu24%2F20260927.320
contract	Set up job	2026-10-07T07:04:49.3969595Z ##[endgroup]
contract	Set up job	2026-10-07T07:04:49.3970884Z ##[group]GITHUB_TOKEN Permissions
contract	Set up job	2026-10-07T07:04:49.3973207Z Contents: read
contract	Set up job	2026-10-07T07:04:49.3973913Z Metadata: read
contract	Set up job	2026-10-07T07:04:49.3974557Z Packages: read
contract	Set up job	2026-10-07T07:04:49.3975183Z ##[endgroup]
contract	Set up job	2026-10-07T07:04:49.3977344Z Secret source: Actions
contract	Set up job	2026-10-07T07:04:49.3979020Z Cache mode: write
contract	Set up job	2026-10-07T07:04:49.3979793Z Prepare workflow directory
contract	Set up job	2026-10-07T07:04:49.4334879Z Prepare all required actions
contract	Set up job	2026-10-07T07:04:49.4386430Z Getting action download info
contract	Set up job	2026-10-07T07:04:49.7756068Z Download action repository 'actions/checkout@v4' (SHA:11d5960a326750d5838078e36cf38b85af677262)
contract	Set up job	2026-10-07T07:04:49.9004471Z Download action repository 'astral-sh/setup-uv@v3' (SHA:caf0cab7a618c569241d31dcd442f54681755d39)
contract	Set up job	2026-10-07T07:04:50.2822930Z Complete job name: contract
contract	Run actions/checkout@v4	﻿2026-10-07T07:04:50.3630464Z ##[group]Run actions/checkout@v4
contract	Run actions/checkout@v4	2026-10-07T07:04:50.3631402Z with:
contract	Run actions/checkout@v4	2026-10-07T07:04:50.3631855Z   repository: kakoee/rk-uarch
contract	Run actions/checkout@v4	2026-10-07T07:04:50.3635464Z   token: ***
contract	Run actions/checkout@v4	2026-10-07T07:04:50.3635897Z   ssh-strict: true
contract	Run actions/checkout@v4	2026-10-07T07:04:50.3636342Z   ssh-user: git
contract	Run actions/checkout@v4	2026-10-07T07:04:50.3636865Z   persist-credentials: true
contract	Run actions/checkout@v4	2026-10-07T07:04:50.3637398Z   clean: true
contract	Run actions/checkout@v4	2026-10-07T07:04:50.3638227Z   sparse-checkout-cone-mode: true
contract	Run actions/checkout@v4	2026-10-07T07:04:50.3638787Z   fetch-depth: 1
contract	Run actions/checkout@v4	2026-10-07T07:04:50.3639222Z   fetch-tags: false
contract	Run actions/checkout@v4	2026-10-07T07:04:50.3639673Z   show-progress: true
contract	Run actions/checkout@v4	2026-10-07T07:04:50.3640121Z   lfs: false
contract	Run actions/checkout@v4	2026-10-07T07:04:50.3640529Z   submodules: false
contract	Run actions/checkout@v4	2026-10-07T07:04:50.3640970Z   set-safe-directory: true
contract	Run actions/checkout@v4	2026-10-07T07:04:50.3641487Z   allow-unsafe-pr-checkout: false
contract	Run actions/checkout@v4	2026-10-07T07:04:50.3642313Z ##[endgroup]
contract	Run actions/checkout@v4	2026-10-07T07:04:50.4750239Z Syncing repository: kakoee/rk-uarch
contract	Run actions/checkout@v4	2026-10-07T07:04:50.4753101Z ##[group]Getting Git version info
contract	Run actions/checkout@v4	2026-10-07T07:04:50.4754437Z Working directory is '/home/runner/work/rk-uarch/rk-uarch'
contract	Run actions/checkout@v4	2026-10-07T07:04:50.4756449Z [command]/usr/bin/git version
contract	Run actions/checkout@v4	2026-10-07T07:04:50.4802869Z git version 2.55.0
contract	Run actions/checkout@v4	2026-10-07T07:04:50.4860352Z ##[endgroup]
contract	Run actions/checkout@v4	2026-10-07T07:04:50.4873754Z Temporarily overriding HOME='/home/runner/work/_temp/1f15808d-be30-4c81-bde5-ff8224d437a6' before making global git config changes
contract	Run actions/checkout@v4	2026-10-07T07:04:50.4876593Z Adding repository directory to the temporary git global config as a safe directory
contract	Run actions/checkout@v4	2026-10-07T07:04:50.4879222Z [command]/usr/bin/git config --global --add safe.directory /home/runner/work/rk-uarch/rk-uarch
contract	Run actions/checkout@v4	2026-10-07T07:04:50.4935137Z Deleting the contents of '/home/runner/work/rk-uarch/rk-uarch'
contract	Run actions/checkout@v4	2026-10-07T07:04:50.4940454Z ##[group]Initializing the repository
contract	Run actions/checkout@v4	2026-10-07T07:04:50.4944358Z [command]/usr/bin/git init /home/runner/work/rk-uarch/rk-uarch
contract	Run actions/checkout@v4	2026-10-07T07:04:50.5052669Z hint: Using 'master' as the name for the initial branch. This default branch name
contract	Run actions/checkout@v4	2026-10-07T07:04:50.5058852Z hint: will change to "main" in Git 3.0. To configure the initial branch name
contract	Run actions/checkout@v4	2026-10-07T07:04:50.5061443Z hint: to use in all of your new repositories, which will suppress this warning,
contract	Run actions/checkout@v4	2026-10-07T07:04:50.5063073Z hint: call:
contract	Run actions/checkout@v4	2026-10-07T07:04:50.5066473Z hint:
contract	Run actions/checkout@v4	2026-10-07T07:04:50.5067480Z hint: 	git config --global init.defaultBranch <name>
contract	Run actions/checkout@v4	2026-10-07T07:04:50.5068943Z hint:
contract	Run actions/checkout@v4	2026-10-07T07:04:50.5070256Z hint: Names commonly chosen instead of 'master' are 'main', 'trunk' and
contract	Run actions/checkout@v4	2026-10-07T07:04:50.5072010Z hint: 'development'. The just-created branch can be renamed via this command:
contract	Run actions/checkout@v4	2026-10-07T07:04:50.5073408Z hint:
contract	Run actions/checkout@v4	2026-10-07T07:04:50.5074177Z hint: 	git branch -m <name>
contract	Run actions/checkout@v4	2026-10-07T07:04:50.5075077Z hint:
contract	Run actions/checkout@v4	2026-10-07T07:04:50.5076284Z hint: Disable this message with "git config set advice.defaultBranchName false"
contract	Run actions/checkout@v4	2026-10-07T07:04:50.5078404Z Initialized empty Git repository in /home/runner/work/rk-uarch/rk-uarch/.git/
contract	Run actions/checkout@v4	2026-10-07T07:04:50.5088552Z [command]/usr/bin/git remote add origin https://github.com/kakoee/rk-uarch
contract	Run actions/checkout@v4	2026-10-07T07:04:50.5131537Z ##[endgroup]
contract	Run actions/checkout@v4	2026-10-07T07:04:50.5133081Z ##[group]Disabling automatic garbage collection
contract	Run actions/checkout@v4	2026-10-07T07:04:50.5134472Z [command]/usr/bin/git config --local gc.auto 0
contract	Run actions/checkout@v4	2026-10-07T07:04:50.5167057Z ##[endgroup]
contract	Run actions/checkout@v4	2026-10-07T07:04:50.5168479Z ##[group]Setting up auth
contract	Run actions/checkout@v4	2026-10-07T07:04:50.5173931Z [command]/usr/bin/git config --local --name-only --get-regexp core\.sshCommand
contract	Run actions/checkout@v4	2026-10-07T07:04:50.5204592Z [command]/usr/bin/git submodule foreach --recursive sh -c "git config --local --name-only --get-regexp 'core\.sshCommand' && git config --local --unset-all 'core.sshCommand' || :"
contract	Run actions/checkout@v4	2026-10-07T07:04:50.5542044Z [command]/usr/bin/git config --local --name-only --get-regexp http\.https\:\/\/github\.com\/\.extraheader
contract	Run actions/checkout@v4	2026-10-07T07:04:50.5573079Z [command]/usr/bin/git submodule foreach --recursive sh -c "git config --local --name-only --get-regexp 'http\.https\:\/\/github\.com\/\.extraheader' && git config --local --unset-all 'http.https://github.com/.extraheader' || :"
contract	Run actions/checkout@v4	2026-10-07T07:04:50.5798337Z [command]/usr/bin/git config --local --name-only --get-regexp ^includeIf\.gitdir:
contract	Run actions/checkout@v4	2026-10-07T07:04:50.5831705Z [command]/usr/bin/git submodule foreach --recursive git config --local --show-origin --name-only --get-regexp remote.origin.url
contract	Run actions/checkout@v4	2026-10-07T07:04:50.6067031Z [command]/usr/bin/git config --local http.https://github.com/.extraheader AUTHORIZATION: basic ***
contract	Run actions/checkout@v4	2026-10-07T07:04:50.6107388Z ##[endgroup]
contract	Run actions/checkout@v4	2026-10-07T07:04:50.6109077Z ##[group]Fetching the repository
contract	Run actions/checkout@v4	2026-10-07T07:04:50.6117237Z [command]/usr/bin/git -c protocol.version=2 fetch --no-tags --prune --no-recurse-submodules --depth=1 origin +44559fb1672e4d3468b4b6fc930cfdf4b4c1e99e:refs/remotes/origin/main
contract	Run actions/checkout@v4	2026-10-07T07:04:50.9532329Z From https://github.com/kakoee/rk-uarch
contract	Run actions/checkout@v4	2026-10-07T07:04:50.9533434Z  * [new ref]         44559fb1672e4d3468b4b6fc930cfdf4b4c1e99e -> origin/main
contract	Run actions/checkout@v4	2026-10-07T07:04:50.9540345Z ##[endgroup]
contract	Run actions/checkout@v4	2026-10-07T07:04:50.9541190Z ##[group]Determining the checkout info
contract	Run actions/checkout@v4	2026-10-07T07:04:50.9542014Z ##[endgroup]
contract	Run actions/checkout@v4	2026-10-07T07:04:50.9545715Z [command]/usr/bin/git sparse-checkout disable
contract	Run actions/checkout@v4	2026-10-07T07:04:50.9595543Z [command]/usr/bin/git config --local --unset-all extensions.worktreeConfig
contract	Run actions/checkout@v4	2026-10-07T07:04:50.9624204Z ##[group]Checking out the ref
contract	Run actions/checkout@v4	2026-10-07T07:04:50.9628549Z [command]/usr/bin/git checkout --progress --force -B main refs/remotes/origin/main
contract	Run actions/checkout@v4	2026-10-07T07:04:50.9949462Z Switched to a new branch 'main'
contract	Run actions/checkout@v4	2026-10-07T07:04:50.9953549Z branch 'main' set up to track 'origin/main'.
contract	Run actions/checkout@v4	2026-10-07T07:04:50.9962189Z ##[endgroup]
contract	Run actions/checkout@v4	2026-10-07T07:04:51.0005752Z [command]/usr/bin/git log -1 --format=%H
contract	Run actions/checkout@v4	2026-10-07T07:04:51.0030207Z 44559fb1672e4d3468b4b6fc930cfdf4b4c1e99e
contract	Run astral-sh/setup-uv@v3	﻿2026-10-07T07:04:51.0353889Z ##[group]Run astral-sh/setup-uv@v3
contract	Run astral-sh/setup-uv@v3	2026-10-07T07:04:51.0354528Z with:
contract	Run astral-sh/setup-uv@v3	2026-10-07T07:04:51.0354952Z   version: latest
contract	Run astral-sh/setup-uv@v3	2026-10-07T07:04:51.0358808Z   github-token: ***
contract	Run astral-sh/setup-uv@v3	2026-10-07T07:04:51.0359293Z   enable-cache: false
contract	Run astral-sh/setup-uv@v3	2026-10-07T07:04:51.0359837Z   cache-dependency-glob: **/uv.lock
contract	Run astral-sh/setup-uv@v3	2026-10-07T07:04:51.0360382Z   prune-cache: true
contract	Run astral-sh/setup-uv@v3	2026-10-07T07:04:51.0360831Z ##[endgroup]
contract	Run astral-sh/setup-uv@v3	2026-10-07T07:04:51.1695234Z Downloading uv from "https://github.com/astral-sh/uv/releases/latest/download/uv-x86_64-unknown-linux-gnu.tar.gz" ...
contract	Run astral-sh/setup-uv@v3	2026-10-07T07:04:51.1710308Z (node:2285) [DEP0040] DeprecationWarning: The `punycode` module is deprecated. Please use a userland alternative instead.
contract	Run astral-sh/setup-uv@v3	2026-10-07T07:04:51.1715185Z (Use `node --trace-deprecation ...` to show where the warning was created)
contract	Run astral-sh/setup-uv@v3	2026-10-07T07:04:51.6068219Z [command]/usr/bin/tar xz --warning=no-unknown-keyword --overwrite -C /home/runner/work/_temp/98eae142-1b06-41fc-8c81-2a2920753f2a -f /home/runner/work/_temp/d1ff9c62-ec4b-43b2-9f86-bfcf64ff5f82
contract	Run astral-sh/setup-uv@v3	2026-10-07T07:04:51.9823949Z Added /opt/hostedtoolcache/uv/0.12.23/x86_64 to the path
contract	Run astral-sh/setup-uv@v3	2026-10-07T07:04:51.9825028Z Added /home/runner/.local/bin to the path
contract	Run astral-sh/setup-uv@v3	2026-10-07T07:04:51.9829876Z Successfully installed uv version 0.12.23
contract	Run astral-sh/setup-uv@v3	2026-10-07T07:04:51.9850366Z Set UV_CACHE_DIR to /home/runner/work/_temp/setup-uv-cache
contract	Run uv sync --extra dev	﻿2026-10-07T07:04:52.0005618Z ##[group]Run uv sync --extra dev
contract	Run uv sync --extra dev	2026-10-07T07:04:52.0006106Z [36;1muv sync --extra dev[0m
contract	Run uv sync --extra dev	2026-10-07T07:04:52.0265891Z shell: /usr/bin/bash -e {0}
contract	Run uv sync --extra dev	2026-10-07T07:04:52.0335682Z env:
contract	Run uv sync --extra dev	2026-10-07T07:04:52.0336221Z   UV_CACHE_DIR: /home/runner/work/_temp/setup-uv-cache
contract	Run uv sync --extra dev	2026-10-07T07:04:52.0336624Z ##[endgroup]
contract	Run uv sync --extra dev	2026-10-07T07:04:52.0968926Z Using CPython 3.12.3 interpreter at: /usr/bin/python3.12
contract	Run uv sync --extra dev	2026-10-07T07:04:52.0969978Z Creating virtual environment at: .venv
contract	Run uv sync --extra dev	2026-10-07T07:04:52.0995040Z Resolved 41 packages in 0.94ms
contract	Run uv sync --extra dev	2026-10-07T07:04:52.1130651Z    Building rk-uarch @ file:///home/runner/work/rk-uarch/rk-uarch
contract	Run uv sync --extra dev	2026-10-07T07:04:52.1889940Z Downloading pygments (1.2MiB)
contract	Run uv sync --extra dev	2026-10-07T07:04:52.1972117Z Downloading grimp (2.2MiB)
contract	Run uv sync --extra dev	2026-10-07T07:04:52.1974727Z Downloading ast-serialize (1.3MiB)
contract	Run uv sync --extra dev	2026-10-07T07:04:52.1977429Z Downloading pydantic-core (2.0MiB)
contract	Run uv sync --extra dev	2026-10-07T07:04:52.1981849Z Downloading numpy (15.9MiB)
contract	Run uv sync --extra dev	2026-10-07T07:04:52.1990649Z Downloading ruff (9.9MiB)
contract	Run uv sync --extra dev	2026-10-07T07:04:52.1991803Z Downloading mypy (14.6MiB)
contract	Run uv sync --extra dev	2026-10-07T07:04:52.1996098Z Downloading hypothesis (1.1MiB)
contract	Run uv sync --extra dev	2026-10-07T07:04:52.4169481Z  Downloaded hypothesis
contract	Run uv sync --extra dev	2026-10-07T07:04:52.4239780Z  Downloaded pygments
contract	Run uv sync --extra dev	2026-10-07T07:04:52.4241247Z  Downloaded ast-serialize
contract	Run uv sync --extra dev	2026-10-07T07:04:52.4485509Z  Downloaded pydantic-core
contract	Run uv sync --extra dev	2026-10-07T07:04:52.4532874Z  Downloaded grimp
contract	Run uv sync --extra dev	2026-10-07T07:04:52.5632593Z  Downloaded ruff
contract	Run uv sync --extra dev	2026-10-07T07:04:52.6422371Z  Downloaded numpy
contract	Run uv sync --extra dev	2026-10-07T07:04:52.6851844Z  Downloaded mypy
contract	Run uv sync --extra dev	2026-10-07T07:04:52.7593271Z       Built rk-uarch @ file:///home/runner/work/rk-uarch/rk-uarch
contract	Run uv sync --extra dev	2026-10-07T07:04:52.7604741Z Prepared 35 packages in 659ms
contract	Run uv sync --extra dev	2026-10-07T07:04:52.8037628Z Installed 35 packages in 43ms
contract	Run uv sync --extra dev	2026-10-07T07:04:52.8038564Z  + annotated-doc==0.0.5
contract	Run uv sync --extra dev	2026-10-07T07:04:52.8039093Z  + annotated-types==0.8.0
contract	Run uv sync --extra dev	2026-10-07T07:04:52.8039961Z  + ast-serialize==0.11.2
contract	Run uv sync --extra dev	2026-10-07T07:04:52.8040588Z  + click==8.5.0
contract	Run uv sync --extra dev	2026-10-07T07:04:52.8041043Z  + coverage==7.16.2
contract	Run uv sync --extra dev	2026-10-07T07:04:52.8041510Z  + grimp==3.17
contract	Run uv sync --extra dev	2026-10-07T07:04:52.8041931Z  + hypothesis==6.168.3
contract	Run uv sync --extra dev	2026-10-07T07:04:52.8042453Z  + import-linter==2.15
contract	Run uv sync --extra dev	2026-10-07T07:04:52.8042934Z  + iniconfig==2.3.0
contract	Run uv sync --extra dev	2026-10-07T07:04:52.8043381Z  + jinja2==3.1.6
contract	Run uv sync --extra dev	2026-10-07T07:04:52.8043790Z  + librt==0.16.0
contract	Run uv sync --extra dev	2026-10-07T07:04:52.8044224Z  + markdown-it-py==4.2.0
contract	Run uv sync --extra dev	2026-10-07T07:04:52.8044700Z  + markupsafe==3.0.3
contract	Run uv sync --extra dev	2026-10-07T07:04:52.8045134Z  + mdurl==0.1.2
contract	Run uv sync --extra dev	2026-10-07T07:04:52.8045539Z  + mypy==2.3.1
contract	Run uv sync --extra dev	2026-10-07T07:04:52.8045989Z  + mypy-extensions==1.1.0
contract	Run uv sync --extra dev	2026-10-07T07:04:52.8046449Z  + numpy==2.5.3
contract	Run uv sync --extra dev	2026-10-07T07:04:52.8046862Z  + packaging==26.3
contract	Run uv sync --extra dev	2026-10-07T07:04:52.8047286Z  + pathspec==1.1.1
contract	Run uv sync --extra dev	2026-10-07T07:04:52.8047928Z  + pluggy==1.6.0
contract	Run uv sync --extra dev	2026-10-07T07:04:52.8048392Z  + pydantic==2.13.5
contract	Run uv sync --extra dev	2026-10-07T07:04:52.8048847Z  + pydantic-core==2.46.5
contract	Run uv sync --extra dev	2026-10-07T07:04:52.8049353Z  + pygments==2.21.0
contract	Run uv sync --extra dev	2026-10-07T07:04:52.8049830Z  + pytest==9.1.1
contract	Run uv sync --extra dev	2026-10-07T07:04:52.8050314Z  + pytest-cov==7.1.0
contract	Run uv sync --extra dev	2026-10-07T07:04:52.8050782Z  + pyyaml==6.0.3
contract	Run uv sync --extra dev	2026-10-07T07:04:52.8051202Z  + rich==15.0.0
contract	Run uv sync --extra dev	2026-10-07T07:04:52.8051783Z  + rk-uarch==0.0.1 (from file:///home/runner/work/rk-uarch/rk-uarch)
contract	Run uv sync --extra dev	2026-10-07T07:04:52.8052469Z  + ruff==0.16.9
contract	Run uv sync --extra dev	2026-10-07T07:04:52.8053192Z  + shellingham==1.5.4
contract	Run uv sync --extra dev	2026-10-07T07:04:52.8053492Z  + sortedcontainers==2.4.0
contract	Run uv sync --extra dev	2026-10-07T07:04:52.8053785Z  + typer==0.27.2
contract	Run uv sync --extra dev	2026-10-07T07:04:52.8054057Z  + types-pyyaml==6.0.12.20260906
contract	Run uv sync --extra dev	2026-10-07T07:04:52.8054398Z  + typing-extensions==4.16.0
contract	Run uv sync --extra dev	2026-10-07T07:04:52.8054703Z  + typing-inspection==0.4.4
contract	verify committed rk-sim snapshot (no upstream checkout or credentials)	﻿2026-10-07T07:04:52.8223617Z ##[group]Run uv run python scripts/vendor_rk.py --check
contract	verify committed rk-sim snapshot (no upstream checkout or credentials)	2026-10-07T07:04:52.8224155Z [36;1muv run python scripts/vendor_rk.py --check[0m
contract	verify committed rk-sim snapshot (no upstream checkout or credentials)	2026-10-07T07:04:52.8288105Z shell: /usr/bin/bash -e {0}
contract	verify committed rk-sim snapshot (no upstream checkout or credentials)	2026-10-07T07:04:52.8288455Z env:
contract	verify committed rk-sim snapshot (no upstream checkout or credentials)	2026-10-07T07:04:52.8288753Z   UV_CACHE_DIR: /home/runner/work/_temp/setup-uv-cache
contract	verify committed rk-sim snapshot (no upstream checkout or credentials)	2026-10-07T07:04:52.8289115Z ##[endgroup]
contract	verify committed rk-sim snapshot (no upstream checkout or credentials)	2026-10-07T07:04:53.0791760Z snapshot manifest, matrix and current compatibility verified: /home/runner/work/rk-uarch/rk-uarch/contract/vendor/rk-sim@1e5706e0ebfcc67c1a7333079a35b75f693e9963
contract	contract and parity harness self-tests (not workload parity)	﻿2026-10-07T07:04:53.0938684Z ##[group]Run uv run python -m pytest -q -rs contract/tests --require-vendor
contract	contract and parity harness self-tests (not workload parity)	2026-10-07T07:04:53.0939365Z [36;1muv run python -m pytest -q -rs contract/tests --require-vendor[0m
contract	contract and parity harness self-tests (not workload parity)	2026-10-07T07:04:53.1003981Z shell: /usr/bin/bash -e {0}
contract	contract and parity harness self-tests (not workload parity)	2026-10-07T07:04:53.1004307Z env:
contract	contract and parity harness self-tests (not workload parity)	2026-10-07T07:04:53.1004611Z   UV_CACHE_DIR: /home/runner/work/_temp/setup-uv-cache
contract	contract and parity harness self-tests (not workload parity)	2026-10-07T07:04:53.1004972Z ##[endgroup]
contract	contract and parity harness self-tests (not workload parity)	2026-10-07T07:04:55.3051523Z ........................................................................ [ 18%]
contract	contract and parity harness self-tests (not workload parity)	2026-10-07T07:04:56.1591297Z ........................................................................ [ 37%]
contract	contract and parity harness self-tests (not workload parity)	2026-10-07T07:04:56.2508011Z ........................................................................ [ 56%]
contract	contract and parity harness self-tests (not workload parity)	2026-10-07T07:04:56.7089545Z ........................................................................ [ 75%]
contract	contract and parity harness self-tests (not workload parity)	2026-10-07T07:04:57.7874413Z ........................................................................ [ 94%]
contract	contract and parity harness self-tests (not workload parity)	2026-10-07T07:04:58.9845971Z ...................                                                      [100%]
contract	contract and parity harness self-tests (not workload parity)	2026-10-07T07:04:58.9846789Z 379 passed in 5.35s
contract	schema freshness (Lane A generator)	﻿2026-10-07T07:04:59.1081725Z ##[group]Run uv run python -m uarch_contract.generate --check
contract	schema freshness (Lane A generator)	2026-10-07T07:04:59.1082251Z [36;1muv run python -m uarch_contract.generate --check[0m
contract	schema freshness (Lane A generator)	2026-10-07T07:04:59.1143760Z shell: /usr/bin/bash -e {0}
contract	schema freshness (Lane A generator)	2026-10-07T07:04:59.1144052Z env:
contract	schema freshness (Lane A generator)	2026-10-07T07:04:59.1144323Z   UV_CACHE_DIR: /home/runner/work/_temp/setup-uv-cache
contract	schema freshness (Lane A generator)	2026-10-07T07:04:59.1144663Z ##[endgroup]
contract	schema freshness (Lane A generator)	2026-10-07T07:04:59.4304906Z Contract schemas are fresh.
contract	Post Run astral-sh/setup-uv@v3	﻿2026-10-07T07:04:59.4656309Z Post job cleanup.
contract	Post Run actions/checkout@v4	﻿2026-10-07T07:04:59.6003354Z Post job cleanup.
contract	Post Run actions/checkout@v4	2026-10-07T07:04:59.6900264Z [command]/usr/bin/git version
contract	Post Run actions/checkout@v4	2026-10-07T07:04:59.6937937Z git version 2.55.0
contract	Post Run actions/checkout@v4	2026-10-07T07:04:59.6977432Z Temporarily overriding HOME='/home/runner/work/_temp/15f5a3f3-9b23-4c64-9ac3-bef70122e030' before making global git config changes
contract	Post Run actions/checkout@v4	2026-10-07T07:04:59.6978941Z Adding repository directory to the temporary git global config as a safe directory
contract	Post Run actions/checkout@v4	2026-10-07T07:04:59.6983934Z [command]/usr/bin/git config --global --add safe.directory /home/runner/work/rk-uarch/rk-uarch
contract	Post Run actions/checkout@v4	2026-10-07T07:04:59.7020275Z [command]/usr/bin/git config --local --name-only --get-regexp core\.sshCommand
contract	Post Run actions/checkout@v4	2026-10-07T07:04:59.7053750Z [command]/usr/bin/git submodule foreach --recursive sh -c "git config --local --name-only --get-regexp 'core\.sshCommand' && git config --local --unset-all 'core.sshCommand' || :"
contract	Post Run actions/checkout@v4	2026-10-07T07:04:59.7280614Z [command]/usr/bin/git config --local --name-only --get-regexp http\.https\:\/\/github\.com\/\.extraheader
contract	Post Run actions/checkout@v4	2026-10-07T07:04:59.7307957Z http.https://github.com/.extraheader
contract	Post Run actions/checkout@v4	2026-10-07T07:04:59.7320572Z [command]/usr/bin/git config --local --unset-all http.https://github.com/.extraheader
contract	Post Run actions/checkout@v4	2026-10-07T07:04:59.7354995Z [command]/usr/bin/git submodule foreach --recursive sh -c "git config --local --name-only --get-regexp 'http\.https\:\/\/github\.com\/\.extraheader' && git config --local --unset-all 'http.https://github.com/.extraheader' || :"
contract	Post Run actions/checkout@v4	2026-10-07T07:04:59.7579867Z [command]/usr/bin/git config --local --name-only --get-regexp ^includeIf\.gitdir:
contract	Post Run actions/checkout@v4	2026-10-07T07:04:59.7613349Z [command]/usr/bin/git submodule foreach --recursive git config --local --show-origin --name-only --get-regexp remote.origin.url
contract	Complete job	﻿2026-10-07T07:04:59.7974963Z Cleaning up orphan processes
contract	Complete job	2026-10-07T07:04:59.8295131Z ##[warning]Node.js 20 is deprecated. The following actions target Node.js 20 but are being forced to run on Node.js 24: actions/checkout@v4, astral-sh/setup-uv@v3. For more information see: https://github.blog/changelog/2025-09-19-deprecation-of-node-20-on-github-actions-runners/
python	Set up job	﻿2026-10-07T07:04:56.3068331Z Current runner version: '2.337.0'
python	Set up job	2026-10-07T07:04:56.3094018Z ##[group]Runner Image Provisioner
python	Set up job	2026-10-07T07:04:56.3095002Z Hosted Compute Agent
python	Set up job	2026-10-07T07:04:56.3095580Z Version: 20260901.588
python	Set up job	2026-10-07T07:04:56.3096286Z Commit: f88ec8081b781fac6c440065ac7ff9e710ce3d0b
python	Set up job	2026-10-07T07:04:56.3097056Z Build Date: 2026-09-01T19:56:44Z
python	Set up job	2026-10-07T07:04:56.3097769Z Worker ID: {356f7756-6365-4fd4-89e6-01df0950a635}
python	Set up job	2026-10-07T07:04:56.3098494Z Azure Region: westus2
python	Set up job	2026-10-07T07:04:56.3099069Z ##[endgroup]
python	Set up job	2026-10-07T07:04:56.3100704Z ##[group]Operating System
python	Set up job	2026-10-07T07:04:56.3101429Z Ubuntu
python	Set up job	2026-10-07T07:04:56.3101933Z 24.04.5
python	Set up job	2026-10-07T07:04:56.3102583Z LTS
python	Set up job	2026-10-07T07:04:56.3103325Z ##[endgroup]
python	Set up job	2026-10-07T07:04:56.3103945Z ##[group]Runner Image
python	Set up job	2026-10-07T07:04:56.3104587Z Image: ubuntu-24.04
python	Set up job	2026-10-07T07:04:56.3105146Z Version: 20260927.320.1
python	Set up job	2026-10-07T07:04:56.3106271Z Included Software: https://github.com/actions/runner-images/blob/ubuntu24/20260927.320/images/ubuntu/Ubuntu2404-Readme.md
python	Set up job	2026-10-07T07:04:56.3108072Z Image Release: https://github.com/actions/runner-images/releases/tag/ubuntu24%2F20260927.320
python	Set up job	2026-10-07T07:04:56.3109071Z ##[endgroup]
python	Set up job	2026-10-07T07:04:56.3110334Z ##[group]GITHUB_TOKEN Permissions
python	Set up job	2026-10-07T07:04:56.3112409Z Contents: read
python	Set up job	2026-10-07T07:04:56.3113272Z Metadata: read
python	Set up job	2026-10-07T07:04:56.3113943Z Packages: read
python	Set up job	2026-10-07T07:04:56.3114553Z ##[endgroup]
python	Set up job	2026-10-07T07:04:56.3116949Z Secret source: Actions
python	Set up job	2026-10-07T07:04:56.3117956Z Cache mode: write
python	Set up job	2026-10-07T07:04:56.3118690Z Prepare workflow directory
python	Set up job	2026-10-07T07:04:56.3493294Z Prepare all required actions
python	Set up job	2026-10-07T07:04:56.3554671Z Getting action download info
python	Set up job	2026-10-07T07:04:56.7077480Z Download action repository 'actions/checkout@v4' (SHA:11d5960a326750d5838078e36cf38b85af677262)
python	Set up job	2026-10-07T07:04:56.8010304Z Download action repository 'astral-sh/setup-uv@v3' (SHA:caf0cab7a618c569241d31dcd442f54681755d39)
python	Set up job	2026-10-07T07:04:57.1865126Z Complete job name: python
python	Run actions/checkout@v4	﻿2026-10-07T07:04:57.2639064Z ##[group]Run actions/checkout@v4
python	Run actions/checkout@v4	2026-10-07T07:04:57.2639984Z with:
python	Run actions/checkout@v4	2026-10-07T07:04:57.2640440Z   repository: kakoee/rk-uarch
python	Run actions/checkout@v4	2026-10-07T07:04:57.2644647Z   token: ***
python	Run actions/checkout@v4	2026-10-07T07:04:57.2645122Z   ssh-strict: true
python	Run actions/checkout@v4	2026-10-07T07:04:57.2645599Z   ssh-user: git
python	Run actions/checkout@v4	2026-10-07T07:04:57.2646086Z   persist-credentials: true
python	Run actions/checkout@v4	2026-10-07T07:04:57.2646580Z   clean: true
python	Run actions/checkout@v4	2026-10-07T07:04:57.2647017Z   sparse-checkout-cone-mode: true
python	Run actions/checkout@v4	2026-10-07T07:04:57.2647545Z   fetch-depth: 1
python	Run actions/checkout@v4	2026-10-07T07:04:57.2647984Z   fetch-tags: false
python	Run actions/checkout@v4	2026-10-07T07:04:57.2648432Z   show-progress: true
python	Run actions/checkout@v4	2026-10-07T07:04:57.2648887Z   lfs: false
python	Run actions/checkout@v4	2026-10-07T07:04:57.2649308Z   submodules: false
python	Run actions/checkout@v4	2026-10-07T07:04:57.2649763Z   set-safe-directory: true
python	Run actions/checkout@v4	2026-10-07T07:04:57.2650279Z   allow-unsafe-pr-checkout: false
python	Run actions/checkout@v4	2026-10-07T07:04:57.2651143Z ##[endgroup]
python	Run actions/checkout@v4	2026-10-07T07:04:57.3669198Z Syncing repository: kakoee/rk-uarch
python	Run actions/checkout@v4	2026-10-07T07:04:57.3671767Z ##[group]Getting Git version info
python	Run actions/checkout@v4	2026-10-07T07:04:57.3672553Z Working directory is '/home/runner/work/rk-uarch/rk-uarch'
python	Run actions/checkout@v4	2026-10-07T07:04:57.3674009Z [command]/usr/bin/git version
python	Run actions/checkout@v4	2026-10-07T07:04:57.3760075Z git version 2.55.0
python	Run actions/checkout@v4	2026-10-07T07:04:57.3815283Z ##[endgroup]
python	Run actions/checkout@v4	2026-10-07T07:04:57.3832602Z Temporarily overriding HOME='/home/runner/work/_temp/87dcc3a7-48e0-4329-857e-208ef4151666' before making global git config changes
python	Run actions/checkout@v4	2026-10-07T07:04:57.3835391Z Adding repository directory to the temporary git global config as a safe directory
python	Run actions/checkout@v4	2026-10-07T07:04:57.3839538Z [command]/usr/bin/git config --global --add safe.directory /home/runner/work/rk-uarch/rk-uarch
python	Run actions/checkout@v4	2026-10-07T07:04:57.3898293Z Deleting the contents of '/home/runner/work/rk-uarch/rk-uarch'
python	Run actions/checkout@v4	2026-10-07T07:04:57.3903103Z ##[group]Initializing the repository
python	Run actions/checkout@v4	2026-10-07T07:04:57.3908815Z [command]/usr/bin/git init /home/runner/work/rk-uarch/rk-uarch
python	Run actions/checkout@v4	2026-10-07T07:04:57.4019465Z hint: Using 'master' as the name for the initial branch. This default branch name
python	Run actions/checkout@v4	2026-10-07T07:04:57.4020541Z hint: will change to "main" in Git 3.0. To configure the initial branch name
python	Run actions/checkout@v4	2026-10-07T07:04:57.4021925Z hint: to use in all of your new repositories, which will suppress this warning,
python	Run actions/checkout@v4	2026-10-07T07:04:57.4023593Z hint: call:
python	Run actions/checkout@v4	2026-10-07T07:04:57.4024371Z hint:
python	Run actions/checkout@v4	2026-10-07T07:04:57.4025325Z hint: 	git config --global init.defaultBranch <name>
python	Run actions/checkout@v4	2026-10-07T07:04:57.4026500Z hint:
python	Run actions/checkout@v4	2026-10-07T07:04:57.4027601Z hint: Names commonly chosen instead of 'master' are 'main', 'trunk' and
python	Run actions/checkout@v4	2026-10-07T07:04:57.4029358Z hint: 'development'. The just-created branch can be renamed via this command:
python	Run actions/checkout@v4	2026-10-07T07:04:57.4030815Z hint:
python	Run actions/checkout@v4	2026-10-07T07:04:57.4031695Z hint: 	git branch -m <name>
python	Run actions/checkout@v4	2026-10-07T07:04:57.4032516Z hint:
python	Run actions/checkout@v4	2026-10-07T07:04:57.4033881Z hint: Disable this message with "git config set advice.defaultBranchName false"
python	Run actions/checkout@v4	2026-10-07T07:04:57.4035841Z Initialized empty Git repository in /home/runner/work/rk-uarch/rk-uarch/.git/
python	Run actions/checkout@v4	2026-10-07T07:04:57.4038984Z [command]/usr/bin/git remote add origin https://github.com/kakoee/rk-uarch
python	Run actions/checkout@v4	2026-10-07T07:04:57.4087662Z ##[endgroup]
python	Run actions/checkout@v4	2026-10-07T07:04:57.4089065Z ##[group]Disabling automatic garbage collection
python	Run actions/checkout@v4	2026-10-07T07:04:57.4092001Z [command]/usr/bin/git config --local gc.auto 0
python	Run actions/checkout@v4	2026-10-07T07:04:57.4123758Z ##[endgroup]
python	Run actions/checkout@v4	2026-10-07T07:04:57.4125138Z ##[group]Setting up auth
python	Run actions/checkout@v4	2026-10-07T07:04:57.4131089Z [command]/usr/bin/git config --local --name-only --get-regexp core\.sshCommand
python	Run actions/checkout@v4	2026-10-07T07:04:57.4163081Z [command]/usr/bin/git submodule foreach --recursive sh -c "git config --local --name-only --get-regexp 'core\.sshCommand' && git config --local --unset-all 'core.sshCommand' || :"
python	Run actions/checkout@v4	2026-10-07T07:04:57.4559383Z [command]/usr/bin/git config --local --name-only --get-regexp http\.https\:\/\/github\.com\/\.extraheader
python	Run actions/checkout@v4	2026-10-07T07:04:57.4591137Z [command]/usr/bin/git submodule foreach --recursive sh -c "git config --local --name-only --get-regexp 'http\.https\:\/\/github\.com\/\.extraheader' && git config --local --unset-all 'http.https://github.com/.extraheader' || :"
python	Run actions/checkout@v4	2026-10-07T07:04:57.4814729Z [command]/usr/bin/git config --local --name-only --get-regexp ^includeIf\.gitdir:
python	Run actions/checkout@v4	2026-10-07T07:04:57.4849116Z [command]/usr/bin/git submodule foreach --recursive git config --local --show-origin --name-only --get-regexp remote.origin.url
python	Run actions/checkout@v4	2026-10-07T07:04:57.5074290Z [command]/usr/bin/git config --local http.https://github.com/.extraheader AUTHORIZATION: basic ***
python	Run actions/checkout@v4	2026-10-07T07:04:57.5111393Z ##[endgroup]
python	Run actions/checkout@v4	2026-10-07T07:04:57.5113138Z ##[group]Fetching the repository
python	Run actions/checkout@v4	2026-10-07T07:04:57.5122109Z [command]/usr/bin/git -c protocol.version=2 fetch --no-tags --prune --no-recurse-submodules --depth=1 origin +44559fb1672e4d3468b4b6fc930cfdf4b4c1e99e:refs/remotes/origin/main
python	Run actions/checkout@v4	2026-10-07T07:04:57.9601995Z From https://github.com/kakoee/rk-uarch
python	Run actions/checkout@v4	2026-10-07T07:04:57.9603887Z  * [new ref]         44559fb1672e4d3468b4b6fc930cfdf4b4c1e99e -> origin/main
python	Run actions/checkout@v4	2026-10-07T07:04:57.9607486Z ##[endgroup]
python	Run actions/checkout@v4	2026-10-07T07:04:57.9608928Z ##[group]Determining the checkout info
python	Run actions/checkout@v4	2026-10-07T07:04:57.9610896Z ##[endgroup]
python	Run actions/checkout@v4	2026-10-07T07:04:57.9616730Z [command]/usr/bin/git sparse-checkout disable
python	Run actions/checkout@v4	2026-10-07T07:04:57.9661740Z [command]/usr/bin/git config --local --unset-all extensions.worktreeConfig
python	Run actions/checkout@v4	2026-10-07T07:04:57.9689116Z ##[group]Checking out the ref
python	Run actions/checkout@v4	2026-10-07T07:04:57.9694854Z [command]/usr/bin/git checkout --progress --force -B main refs/remotes/origin/main
python	Run actions/checkout@v4	2026-10-07T07:04:58.0033369Z Switched to a new branch 'main'
python	Run actions/checkout@v4	2026-10-07T07:04:58.0039337Z branch 'main' set up to track 'origin/main'.
python	Run actions/checkout@v4	2026-10-07T07:04:58.0047892Z ##[endgroup]
python	Run actions/checkout@v4	2026-10-07T07:04:58.0095288Z [command]/usr/bin/git log -1 --format=%H
python	Run actions/checkout@v4	2026-10-07T07:04:58.0120068Z 44559fb1672e4d3468b4b6fc930cfdf4b4c1e99e
python	Run astral-sh/setup-uv@v3	﻿2026-10-07T07:04:58.0452967Z ##[group]Run astral-sh/setup-uv@v3
python	Run astral-sh/setup-uv@v3	2026-10-07T07:04:58.0453722Z with:
python	Run astral-sh/setup-uv@v3	2026-10-07T07:04:58.0454152Z   version: latest
python	Run astral-sh/setup-uv@v3	2026-10-07T07:04:58.0459198Z   github-token: ***
python	Run astral-sh/setup-uv@v3	2026-10-07T07:04:58.0459698Z   enable-cache: false
python	Run astral-sh/setup-uv@v3	2026-10-07T07:04:58.0460236Z   cache-dependency-glob: **/uv.lock
python	Run astral-sh/setup-uv@v3	2026-10-07T07:04:58.0460852Z   prune-cache: true
python	Run astral-sh/setup-uv@v3	2026-10-07T07:04:58.0461335Z ##[endgroup]
python	Run astral-sh/setup-uv@v3	2026-10-07T07:04:58.1802341Z Downloading uv from "https://github.com/astral-sh/uv/releases/latest/download/uv-x86_64-unknown-linux-gnu.tar.gz" ...
python	Run astral-sh/setup-uv@v3	2026-10-07T07:04:58.1813651Z (node:2307) [DEP0040] DeprecationWarning: The `punycode` module is deprecated. Please use a userland alternative instead.
python	Run astral-sh/setup-uv@v3	2026-10-07T07:04:58.1815688Z (Use `node --trace-deprecation ...` to show where the warning was created)
python	Run astral-sh/setup-uv@v3	2026-10-07T07:04:58.6287298Z [command]/usr/bin/tar xz --warning=no-unknown-keyword --overwrite -C /home/runner/work/_temp/53a735fa-e6cf-48c8-980d-02d09fb9d095 -f /home/runner/work/_temp/537aaedf-9e48-4184-b47e-c4f7d3c4736f
python	Run astral-sh/setup-uv@v3	2026-10-07T07:04:59.0182605Z Added /opt/hostedtoolcache/uv/0.12.23/x86_64 to the path
python	Run astral-sh/setup-uv@v3	2026-10-07T07:04:59.0184122Z Added /home/runner/.local/bin to the path
python	Run astral-sh/setup-uv@v3	2026-10-07T07:04:59.0188661Z Successfully installed uv version 0.12.23
python	Run astral-sh/setup-uv@v3	2026-10-07T07:04:59.0211157Z Set UV_CACHE_DIR to /home/runner/work/_temp/setup-uv-cache
python	Run uv sync --extra dev	﻿2026-10-07T07:04:59.0426004Z ##[group]Run uv sync --extra dev
python	Run uv sync --extra dev	2026-10-07T07:04:59.0426477Z [36;1muv sync --extra dev[0m
python	Run uv sync --extra dev	2026-10-07T07:04:59.0700319Z shell: /usr/bin/bash -e {0}
python	Run uv sync --extra dev	2026-10-07T07:04:59.0700740Z env:
python	Run uv sync --extra dev	2026-10-07T07:04:59.0701100Z   UV_CACHE_DIR: /home/runner/work/_temp/setup-uv-cache
python	Run uv sync --extra dev	2026-10-07T07:04:59.0701535Z ##[endgroup]
python	Run uv sync --extra dev	2026-10-07T07:04:59.1292267Z Using CPython 3.12.3 interpreter at: /usr/bin/python3.12
python	Run uv sync --extra dev	2026-10-07T07:04:59.1293344Z Creating virtual environment at: .venv
python	Run uv sync --extra dev	2026-10-07T07:04:59.1318451Z Resolved 41 packages in 0.89ms
python	Run uv sync --extra dev	2026-10-07T07:04:59.1442852Z    Building rk-uarch @ file:///home/runner/work/rk-uarch/rk-uarch
python	Run uv sync --extra dev	2026-10-07T07:04:59.2291105Z Downloading pygments (1.2MiB)
python	Run uv sync --extra dev	2026-10-07T07:04:59.2293239Z Downloading ruff (9.9MiB)
python	Run uv sync --extra dev	2026-10-07T07:04:59.2295163Z Downloading ast-serialize (1.3MiB)
python	Run uv sync --extra dev	2026-10-07T07:04:59.2297140Z Downloading numpy (15.9MiB)
python	Run uv sync --extra dev	2026-10-07T07:04:59.2301610Z Downloading pydantic-core (2.0MiB)
python	Run uv sync --extra dev	2026-10-07T07:04:59.2304081Z Downloading grimp (2.2MiB)
python	Run uv sync --extra dev	2026-10-07T07:04:59.2307408Z Downloading mypy (14.6MiB)
python	Run uv sync --extra dev	2026-10-07T07:04:59.2311074Z Downloading hypothesis (1.1MiB)
python	Run uv sync --extra dev	2026-10-07T07:04:59.4744321Z  Downloaded pygments
python	Run uv sync --extra dev	2026-10-07T07:04:59.4781034Z  Downloaded hypothesis
python	Run uv sync --extra dev	2026-10-07T07:04:59.4783548Z  Downloaded ast-serialize
python	Run uv sync --extra dev	2026-10-07T07:04:59.5013971Z  Downloaded pydantic-core
python	Run uv sync --extra dev	2026-10-07T07:04:59.5030950Z  Downloaded grimp
python	Run uv sync --extra dev	2026-10-07T07:04:59.6263855Z  Downloaded ruff
python	Run uv sync --extra dev	2026-10-07T07:04:59.7173233Z  Downloaded numpy
python	Run uv sync --extra dev	2026-10-07T07:04:59.7381935Z  Downloaded mypy
python	Run uv sync --extra dev	2026-10-07T07:04:59.8185790Z       Built rk-uarch @ file:///home/runner/work/rk-uarch/rk-uarch
python	Run uv sync --extra dev	2026-10-07T07:04:59.8195137Z Prepared 35 packages in 686ms
python	Run uv sync --extra dev	2026-10-07T07:04:59.8616316Z Installed 35 packages in 42ms
python	Run uv sync --extra dev	2026-10-07T07:04:59.8616940Z  + annotated-doc==0.0.5
python	Run uv sync --extra dev	2026-10-07T07:04:59.8617576Z  + annotated-types==0.8.0
python	Run uv sync --extra dev	2026-10-07T07:04:59.8618076Z  + ast-serialize==0.11.2
python	Run uv sync --extra dev	2026-10-07T07:04:59.8618534Z  + click==8.5.0
python	Run uv sync --extra dev	2026-10-07T07:04:59.8618929Z  + coverage==7.16.2
python	Run uv sync --extra dev	2026-10-07T07:04:59.8619360Z  + grimp==3.17
python	Run uv sync --extra dev	2026-10-07T07:04:59.8619774Z  + hypothesis==6.168.3
python	Run uv sync --extra dev	2026-10-07T07:04:59.8620250Z  + import-linter==2.15
python	Run uv sync --extra dev	2026-10-07T07:04:59.8620677Z  + iniconfig==2.3.0
python	Run uv sync --extra dev	2026-10-07T07:04:59.8621103Z  + jinja2==3.1.6
python	Run uv sync --extra dev	2026-10-07T07:04:59.8621528Z  + librt==0.16.0
python	Run uv sync --extra dev	2026-10-07T07:04:59.8621955Z  + markdown-it-py==4.2.0
python	Run uv sync --extra dev	2026-10-07T07:04:59.8622405Z  + markupsafe==3.0.3
python	Run uv sync --extra dev	2026-10-07T07:04:59.8623031Z  + mdurl==0.1.2
python	Run uv sync --extra dev	2026-10-07T07:04:59.8623443Z  + mypy==2.3.1
python	Run uv sync --extra dev	2026-10-07T07:04:59.8623876Z  + mypy-extensions==1.1.0
python	Run uv sync --extra dev	2026-10-07T07:04:59.8624390Z  + numpy==2.5.3
python	Run uv sync --extra dev	2026-10-07T07:04:59.8624801Z  + packaging==26.3
python	Run uv sync --extra dev	2026-10-07T07:04:59.8625259Z  + pathspec==1.1.1
python	Run uv sync --extra dev	2026-10-07T07:04:59.8625691Z  + pluggy==1.6.0
python	Run uv sync --extra dev	2026-10-07T07:04:59.8626102Z  + pydantic==2.13.5
python	Run uv sync --extra dev	2026-10-07T07:04:59.8626532Z  + pydantic-core==2.46.5
python	Run uv sync --extra dev	2026-10-07T07:04:59.8627007Z  + pygments==2.21.0
python	Run uv sync --extra dev	2026-10-07T07:04:59.8627469Z  + pytest==9.1.1
python	Run uv sync --extra dev	2026-10-07T07:04:59.8627828Z  + pytest-cov==7.1.0
python	Run uv sync --extra dev	2026-10-07T07:04:59.8628157Z  + pyyaml==6.0.3
python	Run uv sync --extra dev	2026-10-07T07:04:59.8628397Z  + rich==15.0.0
python	Run uv sync --extra dev	2026-10-07T07:04:59.8628729Z  + rk-uarch==0.0.1 (from file:///home/runner/work/rk-uarch/rk-uarch)
python	Run uv sync --extra dev	2026-10-07T07:04:59.8629111Z  + ruff==0.16.9
python	Run uv sync --extra dev	2026-10-07T07:04:59.8629673Z  + shellingham==1.5.4
python	Run uv sync --extra dev	2026-10-07T07:04:59.8629913Z  + sortedcontainers==2.4.0
python	Run uv sync --extra dev	2026-10-07T07:04:59.8630150Z  + typer==0.27.2
python	Run uv sync --extra dev	2026-10-07T07:04:59.8630371Z  + types-pyyaml==6.0.12.20260906
python	Run uv sync --extra dev	2026-10-07T07:04:59.8630630Z  + typing-extensions==4.16.0
python	Run uv sync --extra dev	2026-10-07T07:04:59.8630877Z  + typing-inspection==0.4.4
python	lint	﻿2026-10-07T07:04:59.8776070Z ##[group]Run uv run ruff check .
python	lint	2026-10-07T07:04:59.8776406Z [36;1muv run ruff check .[0m
python	lint	2026-10-07T07:04:59.8839801Z shell: /usr/bin/bash -e {0}
python	lint	2026-10-07T07:04:59.8840060Z env:
python	lint	2026-10-07T07:04:59.8840313Z   UV_CACHE_DIR: /home/runner/work/_temp/setup-uv-cache
python	lint	2026-10-07T07:04:59.8840626Z ##[endgroup]
python	lint	2026-10-07T07:04:59.9552219Z All checks passed!
python	typecheck	﻿2026-10-07T07:04:59.9601019Z ##[group]Run uv run mypy src contract scripts
python	typecheck	2026-10-07T07:04:59.9601416Z [36;1muv run mypy src contract scripts[0m
python	typecheck	2026-10-07T07:04:59.9665655Z shell: /usr/bin/bash -e {0}
python	typecheck	2026-10-07T07:04:59.9665917Z env:
python	typecheck	2026-10-07T07:04:59.9666169Z   UV_CACHE_DIR: /home/runner/work/_temp/setup-uv-cache
python	typecheck	2026-10-07T07:04:59.9666509Z ##[endgroup]
python	typecheck	2026-10-07T07:05:07.0242061Z Success: no issues found in 47 source files
python	imports	﻿2026-10-07T07:05:07.0457403Z ##[group]Run uv run lint-imports
python	imports	2026-10-07T07:05:07.0457745Z [36;1muv run lint-imports[0m
python	imports	2026-10-07T07:05:07.0518148Z shell: /usr/bin/bash -e {0}
python	imports	2026-10-07T07:05:07.0518402Z env:
python	imports	2026-10-07T07:05:07.0518649Z   UV_CACHE_DIR: /home/runner/work/_temp/setup-uv-cache
python	imports	2026-10-07T07:05:07.0518973Z ##[endgroup]
python	imports	2026-10-07T07:05:07.3344655Z 
python	imports	2026-10-07T07:05:07.3345484Z ╔══╗─────────▶╔╗ ╔╗      ╔╗◀───┐
python	imports	2026-10-07T07:05:07.3345998Z ╚╣╠╝◀─────┐  ╔╝╚╗║║────▶╔╝╚╗   │
python	imports	2026-10-07T07:05:07.3346376Z  ║║   ╔══╦══╦╩╗╔╝║║  ╔╦═╩╗╔╝╔═╦══╗
python	imports	2026-10-07T07:05:07.3346742Z  ║║╔══╣╔╗║╔╗║╔╣║ ║║ ╔╬╣╔╗║║ ║│║╔═╝
python	imports	2026-10-07T07:05:07.3347099Z ╔╣╠╣║║║╚╝║╚╝║║║╚╗║╚═╝║║║║║╚╗║═╣║
python	imports	2026-10-07T07:05:07.3347442Z ╚══╩╩╩╣╔═╩══╩╝╚═╝╚═══╩╩╝╚╩═╩╩═╩╝
python	imports	2026-10-07T07:05:07.3347768Z   └──▶║║                    ▲ 
python	imports	2026-10-07T07:05:07.3348101Z       ╚╝────────────────────┘
python	imports	2026-10-07T07:05:07.3348289Z 
python	imports	2026-10-07T07:05:07.3623406Z 
python	imports	2026-10-07T07:05:07.3626347Z ---------
python	imports	2026-10-07T07:05:07.3628562Z Contracts
python	imports	2026-10-07T07:05:07.3630733Z ---------
python	imports	2026-10-07T07:05:07.3631938Z 
python	imports	2026-10-07T07:05:07.3634902Z Analyzed 42 files, 87 dependencies.
python	imports	2026-10-07T07:05:07.3637038Z -----------------------------------
python	imports	2026-10-07T07:05:07.3638228Z 
python	imports	2026-10-07T07:05:07.3644358Z rk-uarch never imports rk-sim KEPT
python	imports	2026-10-07T07:05:07.3649656Z the contract imports nothing from the harness KEPT
python	imports	2026-10-07T07:05:07.3650231Z 
python	imports	2026-10-07T07:05:07.3651923Z Contracts: 2 kept, 0 broken.
python	tests (fails on an empty suite, by design)	﻿2026-10-07T07:05:07.3866097Z ##[group]Run uv run pytest -q -m "not nightly and not silicon and not native and not golden and not determinism"
python	tests (fails on an empty suite, by design)	2026-10-07T07:05:07.3866993Z [36;1muv run pytest -q -m "not nightly and not silicon and not native and not golden and not determinism"[0m
python	tests (fails on an empty suite, by design)	2026-10-07T07:05:07.3928015Z shell: /usr/bin/bash -e {0}
python	tests (fails on an empty suite, by design)	2026-10-07T07:05:07.3928277Z env:
python	tests (fails on an empty suite, by design)	2026-10-07T07:05:07.3928527Z   UV_CACHE_DIR: /home/runner/work/_temp/setup-uv-cache
python	tests (fails on an empty suite, by design)	2026-10-07T07:05:07.3928859Z ##[endgroup]
python	tests (fails on an empty suite, by design)	2026-10-07T07:05:09.5791444Z ........................................................................ [ 18%]
python	tests (fails on an empty suite, by design)	2026-10-07T07:05:10.4228672Z ........................................................................ [ 37%]
python	tests (fails on an empty suite, by design)	2026-10-07T07:05:10.5050404Z ........................................................................ [ 56%]
python	tests (fails on an empty suite, by design)	2026-10-07T07:05:10.7876234Z ........................................................................ [ 74%]
python	tests (fails on an empty suite, by design)	2026-10-07T07:05:11.9815596Z ........................................................................ [ 93%]
python	tests (fails on an empty suite, by design)	2026-10-07T07:05:13.1456160Z .........................                                                [100%]
python	tests (fails on an empty suite, by design)	2026-10-07T07:05:13.1456937Z 385 passed in 5.24s
python	Post Run astral-sh/setup-uv@v3	﻿2026-10-07T07:05:13.2491696Z Post job cleanup.
python	Post Run actions/checkout@v4	﻿2026-10-07T07:05:13.3837137Z Post job cleanup.
python	Post Run actions/checkout@v4	2026-10-07T07:05:13.4658987Z [command]/usr/bin/git version
python	Post Run actions/checkout@v4	2026-10-07T07:05:13.4695976Z git version 2.55.0
python	Post Run actions/checkout@v4	2026-10-07T07:05:13.4736806Z Temporarily overriding HOME='/home/runner/work/_temp/cf1e34af-054e-49c3-80b4-5c756f355d08' before making global git config changes
python	Post Run actions/checkout@v4	2026-10-07T07:05:13.4739014Z Adding repository directory to the temporary git global config as a safe directory
python	Post Run actions/checkout@v4	2026-10-07T07:05:13.4743504Z [command]/usr/bin/git config --global --add safe.directory /home/runner/work/rk-uarch/rk-uarch
python	Post Run actions/checkout@v4	2026-10-07T07:05:13.4780104Z [command]/usr/bin/git config --local --name-only --get-regexp core\.sshCommand
python	Post Run actions/checkout@v4	2026-10-07T07:05:13.4811996Z [command]/usr/bin/git submodule foreach --recursive sh -c "git config --local --name-only --get-regexp 'core\.sshCommand' && git config --local --unset-all 'core.sshCommand' || :"
python	Post Run actions/checkout@v4	2026-10-07T07:05:13.5036356Z [command]/usr/bin/git config --local --name-only --get-regexp http\.https\:\/\/github\.com\/\.extraheader
python	Post Run actions/checkout@v4	2026-10-07T07:05:13.5062711Z http.https://github.com/.extraheader
python	Post Run actions/checkout@v4	2026-10-07T07:05:13.5074312Z [command]/usr/bin/git config --local --unset-all http.https://github.com/.extraheader
python	Post Run actions/checkout@v4	2026-10-07T07:05:13.5106916Z [command]/usr/bin/git submodule foreach --recursive sh -c "git config --local --name-only --get-regexp 'http\.https\:\/\/github\.com\/\.extraheader' && git config --local --unset-all 'http.https://github.com/.extraheader' || :"
python	Post Run actions/checkout@v4	2026-10-07T07:05:13.5324635Z [command]/usr/bin/git config --local --name-only --get-regexp ^includeIf\.gitdir:
python	Post Run actions/checkout@v4	2026-10-07T07:05:13.5354663Z [command]/usr/bin/git submodule foreach --recursive git config --local --show-origin --name-only --get-regexp remote.origin.url
python	Complete job	﻿2026-10-07T07:05:13.5719893Z Cleaning up orphan processes
python	Complete job	2026-10-07T07:05:13.6006473Z ##[warning]Node.js 20 is deprecated. The following actions target Node.js 20 but are being forced to run on Node.js 24: actions/checkout@v4, astral-sh/setup-uv@v3. For more information see: https://github.blog/changelog/2025-09-19-deprecation-of-node-20-on-github-actions-runners/
perf	Set up job	﻿2026-10-07T07:04:48.8306124Z Current runner version: '2.337.0'
perf	Set up job	2026-10-07T07:04:48.8333514Z ##[group]Runner Image Provisioner
perf	Set up job	2026-10-07T07:04:48.8334516Z Hosted Compute Agent
perf	Set up job	2026-10-07T07:04:48.8335315Z Version: 20261002.596
perf	Set up job	2026-10-07T07:04:48.8336035Z Commit: c3d12f3313a95f25162a1503be624f3b0617f8c0
perf	Set up job	2026-10-07T07:04:48.8336954Z Build Date: 2026-10-02T22:28:27Z
perf	Set up job	2026-10-07T07:04:48.8337922Z Worker ID: {c1e00cfb-01a5-4f44-859e-ebab2f6ca132}
perf	Set up job	2026-10-07T07:04:48.8339356Z Region: westus3
perf	Set up job	2026-10-07T07:04:48.8340031Z Cloud: Azure
perf	Set up job	2026-10-07T07:04:48.8340491Z ##[endgroup]
perf	Set up job	2026-10-07T07:04:48.8342410Z ##[group]Operating System
perf	Set up job	2026-10-07T07:04:48.8343193Z Ubuntu
perf	Set up job	2026-10-07T07:04:48.8343754Z 24.04.5
perf	Set up job	2026-10-07T07:04:48.8344339Z LTS
perf	Set up job	2026-10-07T07:04:48.8344899Z ##[endgroup]
perf	Set up job	2026-10-07T07:04:48.8345542Z ##[group]Runner Image
perf	Set up job	2026-10-07T07:04:48.8346260Z Image: ubuntu-24.04
perf	Set up job	2026-10-07T07:04:48.8346905Z Version: 20261004.327.1
perf	Set up job	2026-10-07T07:04:48.8348422Z Included Software: https://github.com/actions/runner-images/blob/ubuntu24/20261004.327/images/ubuntu/Ubuntu2404-Readme.md
perf	Set up job	2026-10-07T07:04:48.8349912Z Image Release: https://github.com/actions/runner-images/releases/tag/ubuntu24%2F20261004.327
perf	Set up job	2026-10-07T07:04:48.8350767Z ##[endgroup]
perf	Set up job	2026-10-07T07:04:48.8351749Z ##[group]GITHUB_TOKEN Permissions
perf	Set up job	2026-10-07T07:04:48.8353915Z Contents: read
perf	Set up job	2026-10-07T07:04:48.8354460Z Metadata: read
perf	Set up job	2026-10-07T07:04:48.8354966Z Packages: read
perf	Set up job	2026-10-07T07:04:48.8355438Z ##[endgroup]
perf	Set up job	2026-10-07T07:04:48.8357156Z Secret source: Actions
perf	Set up job	2026-10-07T07:04:48.8358211Z Cache mode: write
perf	Set up job	2026-10-07T07:04:48.8359020Z Prepare workflow directory
perf	Set up job	2026-10-07T07:04:48.9664504Z Prepare all required actions
perf	Set up job	2026-10-07T07:04:48.9705068Z Getting action download info
perf	Set up job	2026-10-07T07:04:49.2639559Z Download action repository 'actions/checkout@v4' (SHA:11d5960a326750d5838078e36cf38b85af677262)
perf	Set up job	2026-10-07T07:04:49.7271717Z Download action repository 'astral-sh/setup-uv@v3' (SHA:caf0cab7a618c569241d31dcd442f54681755d39)
perf	Set up job	2026-10-07T07:04:50.5871030Z Complete job name: perf
perf	Run actions/checkout@v4	﻿2026-10-07T07:04:50.6652275Z ##[group]Run actions/checkout@v4
perf	Run actions/checkout@v4	2026-10-07T07:04:50.6654379Z with:
perf	Run actions/checkout@v4	2026-10-07T07:04:50.6655704Z   repository: kakoee/rk-uarch
perf	Run actions/checkout@v4	2026-10-07T07:04:50.6666780Z   token: ***
perf	Run actions/checkout@v4	2026-10-07T07:04:50.6668298Z   ssh-strict: true
perf	Run actions/checkout@v4	2026-10-07T07:04:50.6669640Z   ssh-user: git
perf	Run actions/checkout@v4	2026-10-07T07:04:50.6670996Z   persist-credentials: true
perf	Run actions/checkout@v4	2026-10-07T07:04:50.6672373Z   clean: true
perf	Run actions/checkout@v4	2026-10-07T07:04:50.6673450Z   sparse-checkout-cone-mode: true
perf	Run actions/checkout@v4	2026-10-07T07:04:50.6674718Z   fetch-depth: 1
perf	Run actions/checkout@v4	2026-10-07T07:04:50.6675914Z   fetch-tags: false
perf	Run actions/checkout@v4	2026-10-07T07:04:50.6677049Z   show-progress: true
perf	Run actions/checkout@v4	2026-10-07T07:04:50.6678291Z   lfs: false
perf	Run actions/checkout@v4	2026-10-07T07:04:50.6679337Z   submodules: false
perf	Run actions/checkout@v4	2026-10-07T07:04:50.6680613Z   set-safe-directory: true
perf	Run actions/checkout@v4	2026-10-07T07:04:50.6681950Z   allow-unsafe-pr-checkout: false
perf	Run actions/checkout@v4	2026-10-07T07:04:50.6683767Z ##[endgroup]
perf	Run actions/checkout@v4	2026-10-07T07:04:50.7527378Z Syncing repository: kakoee/rk-uarch
perf	Run actions/checkout@v4	2026-10-07T07:04:50.7530307Z ##[group]Getting Git version info
perf	Run actions/checkout@v4	2026-10-07T07:04:50.7531693Z Working directory is '/home/runner/work/rk-uarch/rk-uarch'
perf	Run actions/checkout@v4	2026-10-07T07:04:50.7533978Z [command]/usr/bin/git version
perf	Run actions/checkout@v4	2026-10-07T07:04:50.7571287Z git version 2.55.0
perf	Run actions/checkout@v4	2026-10-07T07:04:50.7587675Z ##[endgroup]
perf	Run actions/checkout@v4	2026-10-07T07:04:50.7596273Z Temporarily overriding HOME='/home/runner/work/_temp/64af3aa5-d4d4-4da5-ba8c-893e81280ca9' before making global git config changes
perf	Run actions/checkout@v4	2026-10-07T07:04:50.7599397Z Adding repository directory to the temporary git global config as a safe directory
perf	Run actions/checkout@v4	2026-10-07T07:04:50.7602023Z [command]/usr/bin/git config --global --add safe.directory /home/runner/work/rk-uarch/rk-uarch
perf	Run actions/checkout@v4	2026-10-07T07:04:50.7634201Z Deleting the contents of '/home/runner/work/rk-uarch/rk-uarch'
perf	Run actions/checkout@v4	2026-10-07T07:04:50.7638556Z ##[group]Initializing the repository
perf	Run actions/checkout@v4	2026-10-07T07:04:50.7641331Z [command]/usr/bin/git init /home/runner/work/rk-uarch/rk-uarch
perf	Run actions/checkout@v4	2026-10-07T07:04:50.7712894Z hint: Using 'master' as the name for the initial branch. This default branch name
perf	Run actions/checkout@v4	2026-10-07T07:04:50.7716218Z hint: will change to "main" in Git 3.0. To configure the initial branch name
perf	Run actions/checkout@v4	2026-10-07T07:04:50.7719900Z hint: to use in all of your new repositories, which will suppress this warning,
perf	Run actions/checkout@v4	2026-10-07T07:04:50.7722267Z hint: call:
perf	Run actions/checkout@v4	2026-10-07T07:04:50.7723968Z hint:
perf	Run actions/checkout@v4	2026-10-07T07:04:50.7725627Z hint: 	git config --global init.defaultBranch <name>
perf	Run actions/checkout@v4	2026-10-07T07:04:50.7727945Z hint:
perf	Run actions/checkout@v4	2026-10-07T07:04:50.7729398Z hint: Names commonly chosen instead of 'master' are 'main', 'trunk' and
perf	Run actions/checkout@v4	2026-10-07T07:04:50.7731343Z hint: 'development'. The just-created branch can be renamed via this command:
perf	Run actions/checkout@v4	2026-10-07T07:04:50.7733354Z hint:
perf	Run actions/checkout@v4	2026-10-07T07:04:50.7734640Z hint: 	git branch -m <name>
perf	Run actions/checkout@v4	2026-10-07T07:04:50.7735766Z hint:
perf	Run actions/checkout@v4	2026-10-07T07:04:50.7737173Z hint: Disable this message with "git config set advice.defaultBranchName false"
perf	Run actions/checkout@v4	2026-10-07T07:04:50.7739457Z Initialized empty Git repository in /home/runner/work/rk-uarch/rk-uarch/.git/
perf	Run actions/checkout@v4	2026-10-07T07:04:50.7742508Z [command]/usr/bin/git remote add origin https://github.com/kakoee/rk-uarch
perf	Run actions/checkout@v4	2026-10-07T07:04:50.7759533Z ##[endgroup]
perf	Run actions/checkout@v4	2026-10-07T07:04:50.7761861Z ##[group]Disabling automatic garbage collection
perf	Run actions/checkout@v4	2026-10-07T07:04:50.7763753Z [command]/usr/bin/git config --local gc.auto 0
perf	Run actions/checkout@v4	2026-10-07T07:04:50.7791367Z ##[endgroup]
perf	Run actions/checkout@v4	2026-10-07T07:04:50.7793411Z ##[group]Setting up auth
perf	Run actions/checkout@v4	2026-10-07T07:04:50.7795900Z [command]/usr/bin/git config --local --name-only --get-regexp core\.sshCommand
perf	Run actions/checkout@v4	2026-10-07T07:04:50.7816124Z [command]/usr/bin/git submodule foreach --recursive sh -c "git config --local --name-only --get-regexp 'core\.sshCommand' && git config --local --unset-all 'core.sshCommand' || :"
perf	Run actions/checkout@v4	2026-10-07T07:04:50.8085347Z [command]/usr/bin/git config --local --name-only --get-regexp http\.https\:\/\/github\.com\/\.extraheader
perf	Run actions/checkout@v4	2026-10-07T07:04:50.8106450Z [command]/usr/bin/git submodule foreach --recursive sh -c "git config --local --name-only --get-regexp 'http\.https\:\/\/github\.com\/\.extraheader' && git config --local --unset-all 'http.https://github.com/.extraheader' || :"
perf	Run actions/checkout@v4	2026-10-07T07:04:50.8256219Z [command]/usr/bin/git config --local --name-only --get-regexp ^includeIf\.gitdir:
perf	Run actions/checkout@v4	2026-10-07T07:04:50.8279187Z [command]/usr/bin/git submodule foreach --recursive git config --local --show-origin --name-only --get-regexp remote.origin.url
perf	Run actions/checkout@v4	2026-10-07T07:04:50.8429563Z [command]/usr/bin/git config --local http.https://github.com/.extraheader AUTHORIZATION: basic ***
perf	Run actions/checkout@v4	2026-10-07T07:04:50.8455939Z ##[endgroup]
perf	Run actions/checkout@v4	2026-10-07T07:04:50.8457985Z ##[group]Fetching the repository
perf	Run actions/checkout@v4	2026-10-07T07:04:50.8463185Z [command]/usr/bin/git -c protocol.version=2 fetch --no-tags --prune --no-recurse-submodules --depth=1 origin +44559fb1672e4d3468b4b6fc930cfdf4b4c1e99e:refs/remotes/origin/main
perf	Run actions/checkout@v4	2026-10-07T07:04:51.6262489Z From https://github.com/kakoee/rk-uarch
perf	Run actions/checkout@v4	2026-10-07T07:04:51.6264194Z  * [new ref]         44559fb1672e4d3468b4b6fc930cfdf4b4c1e99e -> origin/main
perf	Run actions/checkout@v4	2026-10-07T07:04:51.6267443Z ##[endgroup]
perf	Run actions/checkout@v4	2026-10-07T07:04:51.6268577Z ##[group]Determining the checkout info
perf	Run actions/checkout@v4	2026-10-07T07:04:51.6269889Z ##[endgroup]
perf	Run actions/checkout@v4	2026-10-07T07:04:51.6274832Z [command]/usr/bin/git sparse-checkout disable
perf	Run actions/checkout@v4	2026-10-07T07:04:51.6312176Z [command]/usr/bin/git config --local --unset-all extensions.worktreeConfig
perf	Run actions/checkout@v4	2026-10-07T07:04:51.6333049Z ##[group]Checking out the ref
perf	Run actions/checkout@v4	2026-10-07T07:04:51.6336527Z [command]/usr/bin/git checkout --progress --force -B main refs/remotes/origin/main
perf	Run actions/checkout@v4	2026-10-07T07:04:51.6568302Z Switched to a new branch 'main'
perf	Run actions/checkout@v4	2026-10-07T07:04:51.6570689Z branch 'main' set up to track 'origin/main'.
perf	Run actions/checkout@v4	2026-10-07T07:04:51.6574939Z ##[endgroup]
perf	Run actions/checkout@v4	2026-10-07T07:04:51.6603257Z [command]/usr/bin/git log -1 --format=%H
perf	Run actions/checkout@v4	2026-10-07T07:04:51.6620496Z 44559fb1672e4d3468b4b6fc930cfdf4b4c1e99e
perf	Run astral-sh/setup-uv@v3	﻿2026-10-07T07:04:51.6812003Z ##[group]Run astral-sh/setup-uv@v3
perf	Run astral-sh/setup-uv@v3	2026-10-07T07:04:51.6812394Z with:
perf	Run astral-sh/setup-uv@v3	2026-10-07T07:04:51.6812741Z   version: latest
perf	Run astral-sh/setup-uv@v3	2026-10-07T07:04:51.6815140Z   github-token: ***
perf	Run astral-sh/setup-uv@v3	2026-10-07T07:04:51.6815453Z   enable-cache: false
perf	Run astral-sh/setup-uv@v3	2026-10-07T07:04:51.6815799Z   cache-dependency-glob: **/uv.lock
perf	Run astral-sh/setup-uv@v3	2026-10-07T07:04:51.6816150Z   prune-cache: true
perf	Run astral-sh/setup-uv@v3	2026-10-07T07:04:51.6816459Z ##[endgroup]
perf	Run astral-sh/setup-uv@v3	2026-10-07T07:04:51.7903183Z Downloading uv from "https://github.com/astral-sh/uv/releases/latest/download/uv-x86_64-unknown-linux-gnu.tar.gz" ...
perf	Run astral-sh/setup-uv@v3	2026-10-07T07:04:51.7910794Z (node:2085) [DEP0040] DeprecationWarning: The `punycode` module is deprecated. Please use a userland alternative instead.
perf	Run astral-sh/setup-uv@v3	2026-10-07T07:04:51.7911683Z (Use `node --trace-deprecation ...` to show where the warning was created)
perf	Run astral-sh/setup-uv@v3	2026-10-07T07:04:52.3658505Z [command]/usr/bin/tar xz --warning=no-unknown-keyword --overwrite -C /home/runner/work/_temp/4ee32108-6832-4573-ac7f-e644fd35ba4a -f /home/runner/work/_temp/d24c2e3b-3640-4568-b297-0e8f0d30fc58
perf	Run astral-sh/setup-uv@v3	2026-10-07T07:04:52.9820730Z Added /opt/hostedtoolcache/uv/0.12.23/x86_64 to the path
perf	Run astral-sh/setup-uv@v3	2026-10-07T07:04:52.9821999Z Added /home/runner/.local/bin to the path
perf	Run astral-sh/setup-uv@v3	2026-10-07T07:04:52.9825339Z Successfully installed uv version 0.12.23
perf	Run astral-sh/setup-uv@v3	2026-10-07T07:04:52.9844309Z Set UV_CACHE_DIR to /home/runner/work/_temp/setup-uv-cache
perf	Run uv sync --extra dev	﻿2026-10-07T07:04:52.9944111Z ##[group]Run uv sync --extra dev
perf	Run uv sync --extra dev	2026-10-07T07:04:52.9944556Z [36;1muv sync --extra dev[0m
perf	Run uv sync --extra dev	2026-10-07T07:04:53.0104660Z shell: /usr/bin/bash -e {0}
perf	Run uv sync --extra dev	2026-10-07T07:04:53.0105103Z env:
perf	Run uv sync --extra dev	2026-10-07T07:04:53.0105455Z   UV_CACHE_DIR: /home/runner/work/_temp/setup-uv-cache
perf	Run uv sync --extra dev	2026-10-07T07:04:53.0105823Z ##[endgroup]
perf	Run uv sync --extra dev	2026-10-07T07:04:53.0599811Z Using CPython 3.12.3 interpreter at: /usr/bin/python3.12
perf	Run uv sync --extra dev	2026-10-07T07:04:53.0600341Z Creating virtual environment at: .venv
perf	Run uv sync --extra dev	2026-10-07T07:04:53.0619925Z Resolved 41 packages in 0.81ms
perf	Run uv sync --extra dev	2026-10-07T07:04:53.0651294Z    Building rk-uarch @ file:///home/runner/work/rk-uarch/rk-uarch
perf	Run uv sync --extra dev	2026-10-07T07:04:53.1596948Z Downloading pygments (1.2MiB)
perf	Run uv sync --extra dev	2026-10-07T07:04:53.1597977Z Downloading numpy (15.9MiB)
perf	Run uv sync --extra dev	2026-10-07T07:04:53.1599319Z Downloading grimp (2.2MiB)
perf	Run uv sync --extra dev	2026-10-07T07:04:53.1604800Z Downloading hypothesis (1.1MiB)
perf	Run uv sync --extra dev	2026-10-07T07:04:53.1605628Z Downloading mypy (14.6MiB)
perf	Run uv sync --extra dev	2026-10-07T07:04:53.1609691Z Downloading pydantic-core (2.0MiB)
perf	Run uv sync --extra dev	2026-10-07T07:04:53.1611255Z Downloading ruff (9.9MiB)
perf	Run uv sync --extra dev	2026-10-07T07:04:53.1612033Z Downloading ast-serialize (1.3MiB)
perf	Run uv sync --extra dev	2026-10-07T07:04:53.4702182Z  Downloaded hypothesis
perf	Run uv sync --extra dev	2026-10-07T07:04:53.4738815Z  Downloaded pygments
perf	Run uv sync --extra dev	2026-10-07T07:04:53.4816475Z  Downloaded ast-serialize
perf	Run uv sync --extra dev	2026-10-07T07:04:53.5140929Z  Downloaded pydantic-core
perf	Run uv sync --extra dev	2026-10-07T07:04:53.5181353Z  Downloaded grimp
perf	Run uv sync --extra dev	2026-10-07T07:04:53.6563041Z  Downloaded ruff
perf	Run uv sync --extra dev	2026-10-07T07:04:53.6608888Z       Built rk-uarch @ file:///home/runner/work/rk-uarch/rk-uarch
perf	Run uv sync --extra dev	2026-10-07T07:04:53.7081988Z  Downloaded numpy
perf	Run uv sync --extra dev	2026-10-07T07:04:53.7226929Z  Downloaded mypy
perf	Run uv sync --extra dev	2026-10-07T07:04:53.7229468Z Prepared 35 packages in 659ms
perf	Run uv sync --extra dev	2026-10-07T07:04:53.7573129Z Installed 35 packages in 34ms
perf	Run uv sync --extra dev	2026-10-07T07:04:53.7573700Z  + annotated-doc==0.0.5
perf	Run uv sync --extra dev	2026-10-07T07:04:53.7574078Z  + annotated-types==0.8.0
perf	Run uv sync --extra dev	2026-10-07T07:04:53.7574457Z  + ast-serialize==0.11.2
perf	Run uv sync --extra dev	2026-10-07T07:04:53.7574837Z  + click==8.5.0
perf	Run uv sync --extra dev	2026-10-07T07:04:53.7575199Z  + coverage==7.16.2
perf	Run uv sync --extra dev	2026-10-07T07:04:53.7575516Z  + grimp==3.17
perf	Run uv sync --extra dev	2026-10-07T07:04:53.7575911Z  + hypothesis==6.168.3
perf	Run uv sync --extra dev	2026-10-07T07:04:53.7576314Z  + import-linter==2.15
perf	Run uv sync --extra dev	2026-10-07T07:04:53.7576780Z  + iniconfig==2.3.0
perf	Run uv sync --extra dev	2026-10-07T07:04:53.7577155Z  + jinja2==3.1.6
perf	Run uv sync --extra dev	2026-10-07T07:04:53.7577505Z  + librt==0.16.0
perf	Run uv sync --extra dev	2026-10-07T07:04:53.7578053Z  + markdown-it-py==4.2.0
perf	Run uv sync --extra dev	2026-10-07T07:04:53.7578443Z  + markupsafe==3.0.3
perf	Run uv sync --extra dev	2026-10-07T07:04:53.7578806Z  + mdurl==0.1.2
perf	Run uv sync --extra dev	2026-10-07T07:04:53.7579175Z  + mypy==2.3.1
perf	Run uv sync --extra dev	2026-10-07T07:04:53.7579522Z  + mypy-extensions==1.1.0
perf	Run uv sync --extra dev	2026-10-07T07:04:53.7579921Z  + numpy==2.5.3
perf	Run uv sync --extra dev	2026-10-07T07:04:53.7580164Z  + packaging==26.3
perf	Run uv sync --extra dev	2026-10-07T07:04:53.7580463Z  + pathspec==1.1.1
perf	Run uv sync --extra dev	2026-10-07T07:04:53.7580718Z  + pluggy==1.6.0
perf	Run uv sync --extra dev	2026-10-07T07:04:53.7580964Z  + pydantic==2.13.5
perf	Run uv sync --extra dev	2026-10-07T07:04:53.7581234Z  + pydantic-core==2.46.5
perf	Run uv sync --extra dev	2026-10-07T07:04:53.7581486Z  + pygments==2.21.0
perf	Run uv sync --extra dev	2026-10-07T07:04:53.7581728Z  + pytest==9.1.1
perf	Run uv sync --extra dev	2026-10-07T07:04:53.7581998Z  + pytest-cov==7.1.0
perf	Run uv sync --extra dev	2026-10-07T07:04:53.7582242Z  + pyyaml==6.0.3
perf	Run uv sync --extra dev	2026-10-07T07:04:53.7582509Z  + rich==15.0.0
perf	Run uv sync --extra dev	2026-10-07T07:04:53.7582853Z  + rk-uarch==0.0.1 (from file:///home/runner/work/rk-uarch/rk-uarch)
perf	Run uv sync --extra dev	2026-10-07T07:04:53.7583228Z  + ruff==0.16.9
perf	Run uv sync --extra dev	2026-10-07T07:04:53.7583664Z  + shellingham==1.5.4
perf	Run uv sync --extra dev	2026-10-07T07:04:53.7583926Z  + sortedcontainers==2.4.0
perf	Run uv sync --extra dev	2026-10-07T07:04:53.7584204Z  + typer==0.27.2
perf	Run uv sync --extra dev	2026-10-07T07:04:53.7584446Z  + types-pyyaml==6.0.12.20260906
perf	Run uv sync --extra dev	2026-10-07T07:04:53.7584715Z  + typing-extensions==4.16.0
perf	Run uv sync --extra dev	2026-10-07T07:04:53.7585041Z  + typing-inspection==0.4.4
perf	Run if [ -n "$(find validation/perf -name '*.json' -print -quit 2>/dev/null)" ]; then	﻿2026-10-07T07:04:53.7676185Z ##[group]Run if [ -n "$(find validation/perf -name '*.json' -print -quit 2>/dev/null)" ]; then
perf	Run if [ -n "$(find validation/perf -name '*.json' -print -quit 2>/dev/null)" ]; then	2026-10-07T07:04:53.7676790Z [36;1mif [ -n "$(find validation/perf -name '*.json' -print -quit 2>/dev/null)" ]; then[0m
perf	Run if [ -n "$(find validation/perf -name '*.json' -print -quit 2>/dev/null)" ]; then	2026-10-07T07:04:53.7677228Z [36;1m  uv run pytest -q validation/perf[0m
perf	Run if [ -n "$(find validation/perf -name '*.json' -print -quit 2>/dev/null)" ]; then	2026-10-07T07:04:53.7677776Z [36;1melse echo "nothing yet: no perf baselines"; fi[0m
perf	Run if [ -n "$(find validation/perf -name '*.json' -print -quit 2>/dev/null)" ]; then	2026-10-07T07:04:53.7712176Z shell: /usr/bin/bash -e {0}
perf	Run if [ -n "$(find validation/perf -name '*.json' -print -quit 2>/dev/null)" ]; then	2026-10-07T07:04:53.7712559Z env:
perf	Run if [ -n "$(find validation/perf -name '*.json' -print -quit 2>/dev/null)" ]; then	2026-10-07T07:04:53.7712887Z   UV_CACHE_DIR: /home/runner/work/_temp/setup-uv-cache
perf	Run if [ -n "$(find validation/perf -name '*.json' -print -quit 2>/dev/null)" ]; then	2026-10-07T07:04:53.7713233Z ##[endgroup]
perf	Run if [ -n "$(find validation/perf -name '*.json' -print -quit 2>/dev/null)" ]; then	2026-10-07T07:04:53.7777482Z nothing yet: no perf baselines
perf	Post Run astral-sh/setup-uv@v3	﻿2026-10-07T07:04:53.7880370Z Post job cleanup.
perf	Post Run actions/checkout@v4	﻿2026-10-07T07:04:53.8974282Z Post job cleanup.
perf	Post Run actions/checkout@v4	2026-10-07T07:04:53.9700313Z [command]/usr/bin/git version
perf	Post Run actions/checkout@v4	2026-10-07T07:04:53.9730211Z git version 2.55.0
perf	Post Run actions/checkout@v4	2026-10-07T07:04:53.9758793Z Temporarily overriding HOME='/home/runner/work/_temp/64a93e96-591e-40ab-a174-a1f86880d940' before making global git config changes
perf	Post Run actions/checkout@v4	2026-10-07T07:04:53.9759825Z Adding repository directory to the temporary git global config as a safe directory
perf	Post Run actions/checkout@v4	2026-10-07T07:04:53.9762866Z [command]/usr/bin/git config --global --add safe.directory /home/runner/work/rk-uarch/rk-uarch
perf	Post Run actions/checkout@v4	2026-10-07T07:04:53.9791033Z [command]/usr/bin/git config --local --name-only --get-regexp core\.sshCommand
perf	Post Run actions/checkout@v4	2026-10-07T07:04:53.9818268Z [command]/usr/bin/git submodule foreach --recursive sh -c "git config --local --name-only --get-regexp 'core\.sshCommand' && git config --local --unset-all 'core.sshCommand' || :"
perf	Post Run actions/checkout@v4	2026-10-07T07:04:53.9992051Z [command]/usr/bin/git config --local --name-only --get-regexp http\.https\:\/\/github\.com\/\.extraheader
perf	Post Run actions/checkout@v4	2026-10-07T07:04:54.0010822Z http.https://github.com/.extraheader
perf	Post Run actions/checkout@v4	2026-10-07T07:04:54.0018397Z [command]/usr/bin/git config --local --unset-all http.https://github.com/.extraheader
perf	Post Run actions/checkout@v4	2026-10-07T07:04:54.0077445Z [command]/usr/bin/git submodule foreach --recursive sh -c "git config --local --name-only --get-regexp 'http\.https\:\/\/github\.com\/\.extraheader' && git config --local --unset-all 'http.https://github.com/.extraheader' || :"
perf	Post Run actions/checkout@v4	2026-10-07T07:04:54.0248765Z [command]/usr/bin/git config --local --name-only --get-regexp ^includeIf\.gitdir:
perf	Post Run actions/checkout@v4	2026-10-07T07:04:54.0270888Z [command]/usr/bin/git submodule foreach --recursive git config --local --show-origin --name-only --get-regexp remote.origin.url
perf	Complete job	﻿2026-10-07T07:04:54.0528467Z Cleaning up orphan processes
perf	Complete job	2026-10-07T07:04:54.0737960Z ##[warning]Node.js 20 is deprecated. The following actions target Node.js 20 but are being forced to run on Node.js 24: actions/checkout@v4, astral-sh/setup-uv@v3. For more information see: https://github.blog/changelog/2025-09-19-deprecation-of-node-20-on-github-actions-runners/
golden	Set up job	﻿2026-10-07T07:04:49.1577519Z Current runner version: '2.337.0'
golden	Set up job	2026-10-07T07:04:49.1602334Z ##[group]Runner Image Provisioner
golden	Set up job	2026-10-07T07:04:49.1603179Z Hosted Compute Agent
golden	Set up job	2026-10-07T07:04:49.1603732Z Version: 20261002.596
golden	Set up job	2026-10-07T07:04:49.1604293Z Commit: c3d12f3313a95f25162a1503be624f3b0617f8c0
golden	Set up job	2026-10-07T07:04:49.1604933Z Build Date: 2026-10-02T22:28:27Z
golden	Set up job	2026-10-07T07:04:49.1605571Z Worker ID: {1e63b370-7992-4586-85a6-cb5ef6b7bf8c}
golden	Set up job	2026-10-07T07:04:49.1606502Z Region: westus3
golden	Set up job	2026-10-07T07:04:49.1607014Z Cloud: Azure
golden	Set up job	2026-10-07T07:04:49.1607506Z ##[endgroup]
golden	Set up job	2026-10-07T07:04:49.1608975Z ##[group]Operating System
golden	Set up job	2026-10-07T07:04:49.1609682Z Ubuntu
golden	Set up job	2026-10-07T07:04:49.1610155Z 24.04.5
golden	Set up job	2026-10-07T07:04:49.1610593Z LTS
golden	Set up job	2026-10-07T07:04:49.1611085Z ##[endgroup]
golden	Set up job	2026-10-07T07:04:49.1611567Z ##[group]Runner Image
golden	Set up job	2026-10-07T07:04:49.1612129Z Image: ubuntu-24.04
golden	Set up job	2026-10-07T07:04:49.1612672Z Version: 20261004.327.1
golden	Set up job	2026-10-07T07:04:49.1613611Z Included Software: https://github.com/actions/runner-images/blob/ubuntu24/20261004.327/images/ubuntu/Ubuntu2404-Readme.md
golden	Set up job	2026-10-07T07:04:49.1615175Z Image Release: https://github.com/actions/runner-images/releases/tag/ubuntu24%2F20261004.327
golden	Set up job	2026-10-07T07:04:49.1616265Z ##[endgroup]
golden	Set up job	2026-10-07T07:04:49.1617316Z ##[group]GITHUB_TOKEN Permissions
golden	Set up job	2026-10-07T07:04:49.1619535Z Contents: read
golden	Set up job	2026-10-07T07:04:49.1620082Z Metadata: read
golden	Set up job	2026-10-07T07:04:49.1620603Z Packages: read
golden	Set up job	2026-10-07T07:04:49.1621126Z ##[endgroup]
golden	Set up job	2026-10-07T07:04:49.1623126Z Secret source: Actions
golden	Set up job	2026-10-07T07:04:49.1624006Z Cache mode: write
golden	Set up job	2026-10-07T07:04:49.1624612Z Prepare workflow directory
golden	Set up job	2026-10-07T07:04:49.1992622Z Prepare all required actions
golden	Set up job	2026-10-07T07:04:49.2039905Z Getting action download info
golden	Set up job	2026-10-07T07:04:49.5008468Z Download action repository 'actions/checkout@v4' (SHA:11d5960a326750d5838078e36cf38b85af677262)
golden	Set up job	2026-10-07T07:04:49.6120233Z Download action repository 'astral-sh/setup-uv@v3' (SHA:caf0cab7a618c569241d31dcd442f54681755d39)
golden	Set up job	2026-10-07T07:04:50.5674605Z Complete job name: golden
golden	Run actions/checkout@v4	﻿2026-10-07T07:04:50.6407347Z ##[group]Run actions/checkout@v4
golden	Run actions/checkout@v4	2026-10-07T07:04:50.6408588Z with:
golden	Run actions/checkout@v4	2026-10-07T07:04:50.6409199Z   repository: kakoee/rk-uarch
golden	Run actions/checkout@v4	2026-10-07T07:04:50.6413257Z   token: ***
golden	Run actions/checkout@v4	2026-10-07T07:04:50.6413872Z   ssh-strict: true
golden	Run actions/checkout@v4	2026-10-07T07:04:50.6414428Z   ssh-user: git
golden	Run actions/checkout@v4	2026-10-07T07:04:50.6415046Z   persist-credentials: true
golden	Run actions/checkout@v4	2026-10-07T07:04:50.6415921Z   clean: true
golden	Run actions/checkout@v4	2026-10-07T07:04:50.6416561Z   sparse-checkout-cone-mode: true
golden	Run actions/checkout@v4	2026-10-07T07:04:50.6417224Z   fetch-depth: 1
golden	Run actions/checkout@v4	2026-10-07T07:04:50.6417782Z   fetch-tags: false
golden	Run actions/checkout@v4	2026-10-07T07:04:50.6418378Z   show-progress: true
golden	Run actions/checkout@v4	2026-10-07T07:04:50.6418958Z   lfs: false
golden	Run actions/checkout@v4	2026-10-07T07:04:50.6419516Z   submodules: false
golden	Run actions/checkout@v4	2026-10-07T07:04:50.6420181Z   set-safe-directory: true
golden	Run actions/checkout@v4	2026-10-07T07:04:50.6420826Z   allow-unsafe-pr-checkout: false
golden	Run actions/checkout@v4	2026-10-07T07:04:50.6421853Z ##[endgroup]
golden	Run actions/checkout@v4	2026-10-07T07:04:50.7388793Z Syncing repository: kakoee/rk-uarch
golden	Run actions/checkout@v4	2026-10-07T07:04:50.7391100Z ##[group]Getting Git version info
golden	Run actions/checkout@v4	2026-10-07T07:04:50.7392206Z Working directory is '/home/runner/work/rk-uarch/rk-uarch'
golden	Run actions/checkout@v4	2026-10-07T07:04:50.7503007Z [command]/usr/bin/git version
golden	Run actions/checkout@v4	2026-10-07T07:04:50.7503631Z git version 2.55.0
golden	Run actions/checkout@v4	2026-10-07T07:04:50.7505520Z ##[endgroup]
golden	Run actions/checkout@v4	2026-10-07T07:04:50.7512201Z Temporarily overriding HOME='/home/runner/work/_temp/ba68ad43-aecc-429f-bd44-ed1c8801e8d2' before making global git config changes
golden	Run actions/checkout@v4	2026-10-07T07:04:50.7513671Z Adding repository directory to the temporary git global config as a safe directory
golden	Run actions/checkout@v4	2026-10-07T07:04:50.7515023Z [command]/usr/bin/git config --global --add safe.directory /home/runner/work/rk-uarch/rk-uarch
golden	Run actions/checkout@v4	2026-10-07T07:04:50.7525009Z Deleting the contents of '/home/runner/work/rk-uarch/rk-uarch'
golden	Run actions/checkout@v4	2026-10-07T07:04:50.7529637Z ##[group]Initializing the repository
golden	Run actions/checkout@v4	2026-10-07T07:04:50.7533571Z [command]/usr/bin/git init /home/runner/work/rk-uarch/rk-uarch
golden	Run actions/checkout@v4	2026-10-07T07:04:50.7608704Z hint: Using 'master' as the name for the initial branch. This default branch name
golden	Run actions/checkout@v4	2026-10-07T07:04:50.7610332Z hint: will change to "main" in Git 3.0. To configure the initial branch name
golden	Run actions/checkout@v4	2026-10-07T07:04:50.7612650Z hint: to use in all of your new repositories, which will suppress this warning,
golden	Run actions/checkout@v4	2026-10-07T07:04:50.7614125Z hint: call:
golden	Run actions/checkout@v4	2026-10-07T07:04:50.7614915Z hint:
golden	Run actions/checkout@v4	2026-10-07T07:04:50.7616114Z hint: 	git config --global init.defaultBranch <name>
golden	Run actions/checkout@v4	2026-10-07T07:04:50.7617378Z hint:
golden	Run actions/checkout@v4	2026-10-07T07:04:50.7618576Z hint: Names commonly chosen instead of 'master' are 'main', 'trunk' and
golden	Run actions/checkout@v4	2026-10-07T07:04:50.7620393Z hint: 'development'. The just-created branch can be renamed via this command:
golden	Run actions/checkout@v4	2026-10-07T07:04:50.7621745Z hint:
golden	Run actions/checkout@v4	2026-10-07T07:04:50.7622580Z hint: 	git branch -m <name>
golden	Run actions/checkout@v4	2026-10-07T07:04:50.7623549Z hint:
golden	Run actions/checkout@v4	2026-10-07T07:04:50.7624776Z hint: Disable this message with "git config set advice.defaultBranchName false"
golden	Run actions/checkout@v4	2026-10-07T07:04:50.7626751Z Initialized empty Git repository in /home/runner/work/rk-uarch/rk-uarch/.git/
golden	Run actions/checkout@v4	2026-10-07T07:04:50.7630091Z [command]/usr/bin/git remote add origin https://github.com/kakoee/rk-uarch
golden	Run actions/checkout@v4	2026-10-07T07:04:50.7662829Z ##[endgroup]
golden	Run actions/checkout@v4	2026-10-07T07:04:50.7664465Z ##[group]Disabling automatic garbage collection
golden	Run actions/checkout@v4	2026-10-07T07:04:50.7666769Z [command]/usr/bin/git config --local gc.auto 0
golden	Run actions/checkout@v4	2026-10-07T07:04:50.7692320Z ##[endgroup]
golden	Run actions/checkout@v4	2026-10-07T07:04:50.7693790Z ##[group]Setting up auth
golden	Run actions/checkout@v4	2026-10-07T07:04:50.7699427Z [command]/usr/bin/git config --local --name-only --get-regexp core\.sshCommand
golden	Run actions/checkout@v4	2026-10-07T07:04:50.7725750Z [command]/usr/bin/git submodule foreach --recursive sh -c "git config --local --name-only --get-regexp 'core\.sshCommand' && git config --local --unset-all 'core.sshCommand' || :"
golden	Run actions/checkout@v4	2026-10-07T07:04:50.7992071Z [command]/usr/bin/git config --local --name-only --get-regexp http\.https\:\/\/github\.com\/\.extraheader
golden	Run actions/checkout@v4	2026-10-07T07:04:50.8019008Z [command]/usr/bin/git submodule foreach --recursive sh -c "git config --local --name-only --get-regexp 'http\.https\:\/\/github\.com\/\.extraheader' && git config --local --unset-all 'http.https://github.com/.extraheader' || :"
golden	Run actions/checkout@v4	2026-10-07T07:04:50.8191665Z [command]/usr/bin/git config --local --name-only --get-regexp ^includeIf\.gitdir:
golden	Run actions/checkout@v4	2026-10-07T07:04:50.8218010Z [command]/usr/bin/git submodule foreach --recursive git config --local --show-origin --name-only --get-regexp remote.origin.url
golden	Run actions/checkout@v4	2026-10-07T07:04:50.8408367Z [command]/usr/bin/git config --local http.https://github.com/.extraheader AUTHORIZATION: basic ***
golden	Run actions/checkout@v4	2026-10-07T07:04:50.8420969Z ##[endgroup]
golden	Run actions/checkout@v4	2026-10-07T07:04:50.8422445Z ##[group]Fetching the repository
golden	Run actions/checkout@v4	2026-10-07T07:04:50.8429347Z [command]/usr/bin/git -c protocol.version=2 fetch --no-tags --prune --no-recurse-submodules --depth=1 origin +44559fb1672e4d3468b4b6fc930cfdf4b4c1e99e:refs/remotes/origin/main
golden	Run actions/checkout@v4	2026-10-07T07:04:51.7284491Z From https://github.com/kakoee/rk-uarch
golden	Run actions/checkout@v4	2026-10-07T07:04:51.7285396Z  * [new ref]         44559fb1672e4d3468b4b6fc930cfdf4b4c1e99e -> origin/main
golden	Run actions/checkout@v4	2026-10-07T07:04:51.7288792Z ##[endgroup]
golden	Run actions/checkout@v4	2026-10-07T07:04:51.7290037Z ##[group]Determining the checkout info
golden	Run actions/checkout@v4	2026-10-07T07:04:51.7291395Z ##[endgroup]
golden	Run actions/checkout@v4	2026-10-07T07:04:51.7296969Z [command]/usr/bin/git sparse-checkout disable
golden	Run actions/checkout@v4	2026-10-07T07:04:51.7336947Z [command]/usr/bin/git config --local --unset-all extensions.worktreeConfig
golden	Run actions/checkout@v4	2026-10-07T07:04:51.7359395Z ##[group]Checking out the ref
golden	Run actions/checkout@v4	2026-10-07T07:04:51.7364306Z [command]/usr/bin/git checkout --progress --force -B main refs/remotes/origin/main
golden	Run actions/checkout@v4	2026-10-07T07:04:51.7622531Z Switched to a new branch 'main'
golden	Run actions/checkout@v4	2026-10-07T07:04:51.7626731Z branch 'main' set up to track 'origin/main'.
golden	Run actions/checkout@v4	2026-10-07T07:04:51.7631767Z ##[endgroup]
golden	Run actions/checkout@v4	2026-10-07T07:04:51.7669099Z [command]/usr/bin/git log -1 --format=%H
golden	Run actions/checkout@v4	2026-10-07T07:04:51.7688991Z 44559fb1672e4d3468b4b6fc930cfdf4b4c1e99e
golden	Run astral-sh/setup-uv@v3	﻿2026-10-07T07:04:51.7967322Z ##[group]Run astral-sh/setup-uv@v3
golden	Run astral-sh/setup-uv@v3	2026-10-07T07:04:51.7967862Z with:
golden	Run astral-sh/setup-uv@v3	2026-10-07T07:04:51.7968230Z   version: latest
golden	Run astral-sh/setup-uv@v3	2026-10-07T07:04:51.7971604Z   github-token: ***
golden	Run astral-sh/setup-uv@v3	2026-10-07T07:04:51.7972006Z   enable-cache: false
golden	Run astral-sh/setup-uv@v3	2026-10-07T07:04:51.7972434Z   cache-dependency-glob: **/uv.lock
golden	Run astral-sh/setup-uv@v3	2026-10-07T07:04:51.7972919Z   prune-cache: true
golden	Run astral-sh/setup-uv@v3	2026-10-07T07:04:51.7973309Z ##[endgroup]
golden	Run astral-sh/setup-uv@v3	2026-10-07T07:04:51.9255331Z Downloading uv from "https://github.com/astral-sh/uv/releases/latest/download/uv-x86_64-unknown-linux-gnu.tar.gz" ...
golden	Run astral-sh/setup-uv@v3	2026-10-07T07:04:51.9266738Z (node:2243) [DEP0040] DeprecationWarning: The `punycode` module is deprecated. Please use a userland alternative instead.
golden	Run astral-sh/setup-uv@v3	2026-10-07T07:04:51.9269197Z (Use `node --trace-deprecation ...` to show where the warning was created)
golden	Run astral-sh/setup-uv@v3	2026-10-07T07:04:52.4523000Z [command]/usr/bin/tar xz --warning=no-unknown-keyword --overwrite -C /home/runner/work/_temp/292f0ac3-ba24-4297-9910-391c948076c9 -f /home/runner/work/_temp/ed756aaa-f295-450f-a7cd-d2e35546bc3b
golden	Run astral-sh/setup-uv@v3	2026-10-07T07:04:52.8204093Z Added /opt/hostedtoolcache/uv/0.12.23/x86_64 to the path
golden	Run astral-sh/setup-uv@v3	2026-10-07T07:04:52.8206132Z Added /home/runner/.local/bin to the path
golden	Run astral-sh/setup-uv@v3	2026-10-07T07:04:52.8208763Z Successfully installed uv version 0.12.23
golden	Run astral-sh/setup-uv@v3	2026-10-07T07:04:52.8233642Z Set UV_CACHE_DIR to /home/runner/work/_temp/setup-uv-cache
golden	Run uv sync --extra dev	﻿2026-10-07T07:04:52.8390957Z ##[group]Run uv sync --extra dev
golden	Run uv sync --extra dev	2026-10-07T07:04:52.8392348Z [36;1muv sync --extra dev[0m
golden	Run uv sync --extra dev	2026-10-07T07:04:52.8567709Z shell: /usr/bin/bash -e {0}
golden	Run uv sync --extra dev	2026-10-07T07:04:52.8568985Z env:
golden	Run uv sync --extra dev	2026-10-07T07:04:52.8570061Z   UV_CACHE_DIR: /home/runner/work/_temp/setup-uv-cache
golden	Run uv sync --extra dev	2026-10-07T07:04:52.8571423Z ##[endgroup]
golden	Run uv sync --extra dev	2026-10-07T07:04:52.9188681Z Using CPython 3.12.3 interpreter at: /usr/bin/python3.12
golden	Run uv sync --extra dev	2026-10-07T07:04:52.9210484Z Creating virtual environment at: .venv
golden	Run uv sync --extra dev	2026-10-07T07:04:52.9211859Z Resolved 41 packages in 0.84ms
golden	Run uv sync --extra dev	2026-10-07T07:04:52.9253248Z    Building rk-uarch @ file:///home/runner/work/rk-uarch/rk-uarch
golden	Run uv sync --extra dev	2026-10-07T07:04:53.0287667Z Downloading ruff (9.9MiB)
golden	Run uv sync --extra dev	2026-10-07T07:04:53.0289935Z Downloading pydantic-core (2.0MiB)
golden	Run uv sync --extra dev	2026-10-07T07:04:53.0291988Z Downloading grimp (2.2MiB)
golden	Run uv sync --extra dev	2026-10-07T07:04:53.0394871Z Downloading numpy (15.9MiB)
golden	Run uv sync --extra dev	2026-10-07T07:04:53.0397038Z Downloading mypy (14.6MiB)
golden	Run uv sync --extra dev	2026-10-07T07:04:53.0398972Z Downloading ast-serialize (1.3MiB)
golden	Run uv sync --extra dev	2026-10-07T07:04:53.0401403Z Downloading pygments (1.2MiB)
golden	Run uv sync --extra dev	2026-10-07T07:04:53.0403476Z Downloading hypothesis (1.1MiB)
golden	Run uv sync --extra dev	2026-10-07T07:04:53.3860425Z  Downloaded hypothesis
golden	Run uv sync --extra dev	2026-10-07T07:04:53.3948735Z  Downloaded pygments
golden	Run uv sync --extra dev	2026-10-07T07:04:53.4003361Z  Downloaded ast-serialize
golden	Run uv sync --extra dev	2026-10-07T07:04:53.4323545Z  Downloaded pydantic-core
golden	Run uv sync --extra dev	2026-10-07T07:04:53.4383756Z  Downloaded grimp
golden	Run uv sync --extra dev	2026-10-07T07:04:53.5827014Z  Downloaded ruff
golden	Run uv sync --extra dev	2026-10-07T07:04:53.6498246Z       Built rk-uarch @ file:///home/runner/work/rk-uarch/rk-uarch
golden	Run uv sync --extra dev	2026-10-07T07:04:53.6694399Z  Downloaded numpy
golden	Run uv sync --extra dev	2026-10-07T07:04:53.6928360Z  Downloaded mypy
golden	Run uv sync --extra dev	2026-10-07T07:04:53.6931318Z Prepared 35 packages in 770ms
golden	Run uv sync --extra dev	2026-10-07T07:04:53.7266462Z Installed 35 packages in 33ms
golden	Run uv sync --extra dev	2026-10-07T07:04:53.7267079Z  + annotated-doc==0.0.5
golden	Run uv sync --extra dev	2026-10-07T07:04:53.7267495Z  + annotated-types==0.8.0
golden	Run uv sync --extra dev	2026-10-07T07:04:53.7267937Z  + ast-serialize==0.11.2
golden	Run uv sync --extra dev	2026-10-07T07:04:53.7268392Z  + click==8.5.0
golden	Run uv sync --extra dev	2026-10-07T07:04:53.7268791Z  + coverage==7.16.2
golden	Run uv sync --extra dev	2026-10-07T07:04:53.7269372Z  + grimp==3.17
golden	Run uv sync --extra dev	2026-10-07T07:04:53.7269764Z  + hypothesis==6.168.3
golden	Run uv sync --extra dev	2026-10-07T07:04:53.7270267Z  + import-linter==2.15
golden	Run uv sync --extra dev	2026-10-07T07:04:53.7270781Z  + iniconfig==2.3.0
golden	Run uv sync --extra dev	2026-10-07T07:04:53.7271208Z  + jinja2==3.1.6
golden	Run uv sync --extra dev	2026-10-07T07:04:53.7271578Z  + librt==0.16.0
golden	Run uv sync --extra dev	2026-10-07T07:04:53.7272057Z  + markdown-it-py==4.2.0
golden	Run uv sync --extra dev	2026-10-07T07:04:53.7272521Z  + markupsafe==3.0.3
golden	Run uv sync --extra dev	2026-10-07T07:04:53.7272984Z  + mdurl==0.1.2
golden	Run uv sync --extra dev	2026-10-07T07:04:53.7273379Z  + mypy==2.3.1
golden	Run uv sync --extra dev	2026-10-07T07:04:53.7273834Z  + mypy-extensions==1.1.0
golden	Run uv sync --extra dev	2026-10-07T07:04:53.7274309Z  + numpy==2.5.3
golden	Run uv sync --extra dev	2026-10-07T07:04:53.7274727Z  + packaging==26.3
golden	Run uv sync --extra dev	2026-10-07T07:04:53.7275289Z  + pathspec==1.1.1
golden	Run uv sync --extra dev	2026-10-07T07:04:53.7276130Z  + pluggy==1.6.0
golden	Run uv sync --extra dev	2026-10-07T07:04:53.7276618Z  + pydantic==2.13.5
golden	Run uv sync --extra dev	2026-10-07T07:04:53.7277034Z  + pydantic-core==2.46.5
golden	Run uv sync --extra dev	2026-10-07T07:04:53.7277464Z  + pygments==2.21.0
golden	Run uv sync --extra dev	2026-10-07T07:04:53.7277783Z  + pytest==9.1.1
golden	Run uv sync --extra dev	2026-10-07T07:04:53.7278426Z  + pytest-cov==7.1.0
golden	Run uv sync --extra dev	2026-10-07T07:04:53.7278975Z  + pyyaml==6.0.3
golden	Run uv sync --extra dev	2026-10-07T07:04:53.7279308Z  + rich==15.0.0
golden	Run uv sync --extra dev	2026-10-07T07:04:53.7279906Z  + rk-uarch==0.0.1 (from file:///home/runner/work/rk-uarch/rk-uarch)
golden	Run uv sync --extra dev	2026-10-07T07:04:53.7280564Z  + ruff==0.16.9
golden	Run uv sync --extra dev	2026-10-07T07:04:53.7281213Z  + shellingham==1.5.4
golden	Run uv sync --extra dev	2026-10-07T07:04:53.7281611Z  + sortedcontainers==2.4.0
golden	Run uv sync --extra dev	2026-10-07T07:04:53.7282007Z  + typer==0.27.2
golden	Run uv sync --extra dev	2026-10-07T07:04:53.7282373Z  + types-pyyaml==6.0.12.20260906
golden	Run uv sync --extra dev	2026-10-07T07:04:53.7282830Z  + typing-extensions==4.16.0
golden	Run uv sync --extra dev	2026-10-07T07:04:53.7283282Z  + typing-inspection==0.4.4
golden	Run if [ -n "$(find tests/golden/expected -name '*.json' -print -quit)" ]; then	﻿2026-10-07T07:04:53.7368059Z ##[group]Run if [ -n "$(find tests/golden/expected -name '*.json' -print -quit)" ]; then
golden	Run if [ -n "$(find tests/golden/expected -name '*.json' -print -quit)" ]; then	2026-10-07T07:04:53.7368677Z [36;1mif [ -n "$(find tests/golden/expected -name '*.json' -print -quit)" ]; then[0m
golden	Run if [ -n "$(find tests/golden/expected -name '*.json' -print -quit)" ]; then	2026-10-07T07:04:53.7369084Z [36;1m  uv run pytest -q -m golden[0m
golden	Run if [ -n "$(find tests/golden/expected -name '*.json' -print -quit)" ]; then	2026-10-07T07:04:53.7369398Z [36;1melse echo "nothing yet: no expected files"; fi[0m
golden	Run if [ -n "$(find tests/golden/expected -name '*.json' -print -quit)" ]; then	2026-10-07T07:04:53.7406624Z shell: /usr/bin/bash -e {0}
golden	Run if [ -n "$(find tests/golden/expected -name '*.json' -print -quit)" ]; then	2026-10-07T07:04:53.7406902Z env:
golden	Run if [ -n "$(find tests/golden/expected -name '*.json' -print -quit)" ]; then	2026-10-07T07:04:53.7407155Z   UV_CACHE_DIR: /home/runner/work/_temp/setup-uv-cache
golden	Run if [ -n "$(find tests/golden/expected -name '*.json' -print -quit)" ]; then	2026-10-07T07:04:53.7407472Z ##[endgroup]
golden	Run if [ -n "$(find tests/golden/expected -name '*.json' -print -quit)" ]; then	2026-10-07T07:04:53.7476340Z nothing yet: no expected files
golden	Post Run astral-sh/setup-uv@v3	﻿2026-10-07T07:04:53.7563479Z Post job cleanup.
golden	Post Run actions/checkout@v4	﻿2026-10-07T07:04:53.8892196Z Post job cleanup.
golden	Post Run actions/checkout@v4	2026-10-07T07:04:53.9682001Z [command]/usr/bin/git version
golden	Post Run actions/checkout@v4	2026-10-07T07:04:53.9716658Z git version 2.55.0
golden	Post Run actions/checkout@v4	2026-10-07T07:04:53.9750286Z Temporarily overriding HOME='/home/runner/work/_temp/32276490-ca0d-471d-883c-339180ddb670' before making global git config changes
golden	Post Run actions/checkout@v4	2026-10-07T07:04:53.9752234Z Adding repository directory to the temporary git global config as a safe directory
golden	Post Run actions/checkout@v4	2026-10-07T07:04:53.9756653Z [command]/usr/bin/git config --global --add safe.directory /home/runner/work/rk-uarch/rk-uarch
golden	Post Run actions/checkout@v4	2026-10-07T07:04:53.9790730Z [command]/usr/bin/git config --local --name-only --get-regexp core\.sshCommand
golden	Post Run actions/checkout@v4	2026-10-07T07:04:53.9820488Z [command]/usr/bin/git submodule foreach --recursive sh -c "git config --local --name-only --get-regexp 'core\.sshCommand' && git config --local --unset-all 'core.sshCommand' || :"
golden	Post Run actions/checkout@v4	2026-10-07T07:04:53.9993909Z [command]/usr/bin/git config --local --name-only --get-regexp http\.https\:\/\/github\.com\/\.extraheader
golden	Post Run actions/checkout@v4	2026-10-07T07:04:54.0016205Z http.https://github.com/.extraheader
golden	Post Run actions/checkout@v4	2026-10-07T07:04:54.0024577Z [command]/usr/bin/git config --local --unset-all http.https://github.com/.extraheader
golden	Post Run actions/checkout@v4	2026-10-07T07:04:54.0052105Z [command]/usr/bin/git submodule foreach --recursive sh -c "git config --local --name-only --get-regexp 'http\.https\:\/\/github\.com\/\.extraheader' && git config --local --unset-all 'http.https://github.com/.extraheader' || :"
golden	Post Run actions/checkout@v4	2026-10-07T07:04:54.0221317Z [command]/usr/bin/git config --local --name-only --get-regexp ^includeIf\.gitdir:
golden	Post Run actions/checkout@v4	2026-10-07T07:04:54.0248372Z [command]/usr/bin/git submodule foreach --recursive git config --local --show-origin --name-only --get-regexp remote.origin.url
golden	Complete job	﻿2026-10-07T07:04:54.0579748Z Cleaning up orphan processes
golden	Complete job	2026-10-07T07:04:54.0801469Z ##[warning]Node.js 20 is deprecated. The following actions target Node.js 20 but are being forced to run on Node.js 24: actions/checkout@v4, astral-sh/setup-uv@v3. For more information see: https://github.blog/changelog/2025-09-19-deprecation-of-node-20-on-github-actions-runners/
native	Set up job	﻿2026-10-07T07:04:48.8717778Z Current runner version: '2.337.0'
native	Set up job	2026-10-07T07:04:48.8741308Z ##[group]Runner Image Provisioner
native	Set up job	2026-10-07T07:04:48.8742093Z Hosted Compute Agent
native	Set up job	2026-10-07T07:04:48.8742649Z Version: 20261002.596
native	Set up job	2026-10-07T07:04:48.8743216Z Commit: c3d12f3313a95f25162a1503be624f3b0617f8c0
native	Set up job	2026-10-07T07:04:48.8743792Z Build Date: 2026-10-02T22:28:27Z
native	Set up job	2026-10-07T07:04:48.8744399Z Worker ID: {3f1de1fa-04de-41c6-a6a6-07fc9fde8e04}
native	Set up job	2026-10-07T07:04:48.8744977Z Region: westus3
native	Set up job	2026-10-07T07:04:48.8745698Z Cloud: Azure
native	Set up job	2026-10-07T07:04:48.8746191Z ##[endgroup]
native	Set up job	2026-10-07T07:04:48.8747470Z ##[group]Operating System
native	Set up job	2026-10-07T07:04:48.8748052Z Ubuntu
native	Set up job	2026-10-07T07:04:48.8748491Z 24.04.5
native	Set up job	2026-10-07T07:04:48.8748978Z LTS
native	Set up job	2026-10-07T07:04:48.8749441Z ##[endgroup]
native	Set up job	2026-10-07T07:04:48.8749889Z ##[group]Runner Image
native	Set up job	2026-10-07T07:04:48.8750410Z Image: ubuntu-24.04
native	Set up job	2026-10-07T07:04:48.8750886Z Version: 20261004.327.1
native	Set up job	2026-10-07T07:04:48.8751721Z Included Software: https://github.com/actions/runner-images/blob/ubuntu24/20261004.327/images/ubuntu/Ubuntu2404-Readme.md
native	Set up job	2026-10-07T07:04:48.8753224Z Image Release: https://github.com/actions/runner-images/releases/tag/ubuntu24%2F20261004.327
native	Set up job	2026-10-07T07:04:48.8754061Z ##[endgroup]
native	Set up job	2026-10-07T07:04:48.8755050Z ##[group]GITHUB_TOKEN Permissions
native	Set up job	2026-10-07T07:04:48.8757187Z Contents: read
native	Set up job	2026-10-07T07:04:48.8757696Z Metadata: read
native	Set up job	2026-10-07T07:04:48.8758145Z Packages: read
native	Set up job	2026-10-07T07:04:48.8758682Z ##[endgroup]
native	Set up job	2026-10-07T07:04:48.8760461Z Secret source: Actions
native	Set up job	2026-10-07T07:04:48.8761718Z Cache mode: write
native	Set up job	2026-10-07T07:04:48.8762421Z Prepare workflow directory
native	Set up job	2026-10-07T07:04:48.9292642Z Prepare all required actions
native	Set up job	2026-10-07T07:04:48.9332768Z Getting action download info
native	Set up job	2026-10-07T07:04:49.2076343Z Download action repository 'actions/checkout@v4' (SHA:11d5960a326750d5838078e36cf38b85af677262)
native	Set up job	2026-10-07T07:04:49.4572923Z Complete job name: native
native	Run actions/checkout@v4	﻿2026-10-07T07:04:49.5274083Z ##[group]Run actions/checkout@v4
native	Run actions/checkout@v4	2026-10-07T07:04:49.5274799Z with:
native	Run actions/checkout@v4	2026-10-07T07:04:49.5275164Z   repository: kakoee/rk-uarch
native	Run actions/checkout@v4	2026-10-07T07:04:49.5278402Z   token: ***
native	Run actions/checkout@v4	2026-10-07T07:04:49.5278761Z   ssh-strict: true
native	Run actions/checkout@v4	2026-10-07T07:04:49.5279125Z   ssh-user: git
native	Run actions/checkout@v4	2026-10-07T07:04:49.5279494Z   persist-credentials: true
native	Run actions/checkout@v4	2026-10-07T07:04:49.5279889Z   clean: true
native	Run actions/checkout@v4	2026-10-07T07:04:49.5280247Z   sparse-checkout-cone-mode: true
native	Run actions/checkout@v4	2026-10-07T07:04:49.5280668Z   fetch-depth: 1
native	Run actions/checkout@v4	2026-10-07T07:04:49.5281108Z   fetch-tags: false
native	Run actions/checkout@v4	2026-10-07T07:04:49.5281472Z   show-progress: true
native	Run actions/checkout@v4	2026-10-07T07:04:49.5281831Z   lfs: false
native	Run actions/checkout@v4	2026-10-07T07:04:49.5282177Z   submodules: false
native	Run actions/checkout@v4	2026-10-07T07:04:49.5282536Z   set-safe-directory: true
native	Run actions/checkout@v4	2026-10-07T07:04:49.5282938Z   allow-unsafe-pr-checkout: false
native	Run actions/checkout@v4	2026-10-07T07:04:49.5283534Z ##[endgroup]
native	Run actions/checkout@v4	2026-10-07T07:04:49.6131282Z Syncing repository: kakoee/rk-uarch
native	Run actions/checkout@v4	2026-10-07T07:04:49.6132765Z ##[group]Getting Git version info
native	Run actions/checkout@v4	2026-10-07T07:04:49.6133355Z Working directory is '/home/runner/work/rk-uarch/rk-uarch'
native	Run actions/checkout@v4	2026-10-07T07:04:49.6134288Z [command]/usr/bin/git version
native	Run actions/checkout@v4	2026-10-07T07:04:49.6170246Z git version 2.55.0
native	Run actions/checkout@v4	2026-10-07T07:04:49.6185871Z ##[endgroup]
native	Run actions/checkout@v4	2026-10-07T07:04:49.6198867Z Temporarily overriding HOME='/home/runner/work/_temp/3dad3261-5e52-4ebb-bbce-fb48311da13b' before making global git config changes
native	Run actions/checkout@v4	2026-10-07T07:04:49.6200658Z Adding repository directory to the temporary git global config as a safe directory
native	Run actions/checkout@v4	2026-10-07T07:04:49.6203716Z [command]/usr/bin/git config --global --add safe.directory /home/runner/work/rk-uarch/rk-uarch
native	Run actions/checkout@v4	2026-10-07T07:04:49.6244079Z Deleting the contents of '/home/runner/work/rk-uarch/rk-uarch'
native	Run actions/checkout@v4	2026-10-07T07:04:49.6248139Z ##[group]Initializing the repository
native	Run actions/checkout@v4	2026-10-07T07:04:49.6251053Z [command]/usr/bin/git init /home/runner/work/rk-uarch/rk-uarch
native	Run actions/checkout@v4	2026-10-07T07:04:49.6367769Z hint: Using 'master' as the name for the initial branch. This default branch name
native	Run actions/checkout@v4	2026-10-07T07:04:49.6369104Z hint: will change to "main" in Git 3.0. To configure the initial branch name
native	Run actions/checkout@v4	2026-10-07T07:04:49.6370280Z hint: to use in all of your new repositories, which will suppress this warning,
native	Run actions/checkout@v4	2026-10-07T07:04:49.6371476Z hint: call:
native	Run actions/checkout@v4	2026-10-07T07:04:49.6371971Z hint:
native	Run actions/checkout@v4	2026-10-07T07:04:49.6372585Z hint: 	git config --global init.defaultBranch <name>
native	Run actions/checkout@v4	2026-10-07T07:04:49.6373309Z hint:
native	Run actions/checkout@v4	2026-10-07T07:04:49.6374000Z hint: Names commonly chosen instead of 'master' are 'main', 'trunk' and
native	Run actions/checkout@v4	2026-10-07T07:04:49.6375083Z hint: 'development'. The just-created branch can be renamed via this command:
native	Run actions/checkout@v4	2026-10-07T07:04:49.6376192Z hint:
native	Run actions/checkout@v4	2026-10-07T07:04:49.6376706Z hint: 	git branch -m <name>
native	Run actions/checkout@v4	2026-10-07T07:04:49.6377277Z hint:
native	Run actions/checkout@v4	2026-10-07T07:04:49.6378022Z hint: Disable this message with "git config set advice.defaultBranchName false"
native	Run actions/checkout@v4	2026-10-07T07:04:49.6379257Z Initialized empty Git repository in /home/runner/work/rk-uarch/rk-uarch/.git/
native	Run actions/checkout@v4	2026-10-07T07:04:49.6381377Z [command]/usr/bin/git remote add origin https://github.com/kakoee/rk-uarch
native	Run actions/checkout@v4	2026-10-07T07:04:49.6420984Z ##[endgroup]
native	Run actions/checkout@v4	2026-10-07T07:04:49.6421669Z ##[group]Disabling automatic garbage collection
native	Run actions/checkout@v4	2026-10-07T07:04:49.6424180Z [command]/usr/bin/git config --local gc.auto 0
native	Run actions/checkout@v4	2026-10-07T07:04:49.6451381Z ##[endgroup]
native	Run actions/checkout@v4	2026-10-07T07:04:49.6452032Z ##[group]Setting up auth
native	Run actions/checkout@v4	2026-10-07T07:04:49.6457601Z [command]/usr/bin/git config --local --name-only --get-regexp core\.sshCommand
native	Run actions/checkout@v4	2026-10-07T07:04:49.6484973Z [command]/usr/bin/git submodule foreach --recursive sh -c "git config --local --name-only --get-regexp 'core\.sshCommand' && git config --local --unset-all 'core.sshCommand' || :"
native	Run actions/checkout@v4	2026-10-07T07:04:49.6769091Z [command]/usr/bin/git config --local --name-only --get-regexp http\.https\:\/\/github\.com\/\.extraheader
native	Run actions/checkout@v4	2026-10-07T07:04:49.6797045Z [command]/usr/bin/git submodule foreach --recursive sh -c "git config --local --name-only --get-regexp 'http\.https\:\/\/github\.com\/\.extraheader' && git config --local --unset-all 'http.https://github.com/.extraheader' || :"
native	Run actions/checkout@v4	2026-10-07T07:04:49.6991220Z [command]/usr/bin/git config --local --name-only --get-regexp ^includeIf\.gitdir:
native	Run actions/checkout@v4	2026-10-07T07:04:49.7019375Z [command]/usr/bin/git submodule foreach --recursive git config --local --show-origin --name-only --get-regexp remote.origin.url
native	Run actions/checkout@v4	2026-10-07T07:04:49.7212274Z [command]/usr/bin/git config --local http.https://github.com/.extraheader AUTHORIZATION: basic ***
native	Run actions/checkout@v4	2026-10-07T07:04:49.7245840Z ##[endgroup]
native	Run actions/checkout@v4	2026-10-07T07:04:49.7246601Z ##[group]Fetching the repository
native	Run actions/checkout@v4	2026-10-07T07:04:49.7253504Z [command]/usr/bin/git -c protocol.version=2 fetch --no-tags --prune --no-recurse-submodules --depth=1 origin +44559fb1672e4d3468b4b6fc930cfdf4b4c1e99e:refs/remotes/origin/main
native	Run actions/checkout@v4	2026-10-07T07:04:50.5956843Z From https://github.com/kakoee/rk-uarch
native	Run actions/checkout@v4	2026-10-07T07:04:50.5958343Z  * [new ref]         44559fb1672e4d3468b4b6fc930cfdf4b4c1e99e -> origin/main
native	Run actions/checkout@v4	2026-10-07T07:04:50.5961266Z ##[endgroup]
native	Run actions/checkout@v4	2026-10-07T07:04:50.5962483Z ##[group]Determining the checkout info
native	Run actions/checkout@v4	2026-10-07T07:04:50.5963700Z ##[endgroup]
native	Run actions/checkout@v4	2026-10-07T07:04:50.5965563Z [command]/usr/bin/git sparse-checkout disable
native	Run actions/checkout@v4	2026-10-07T07:04:50.6087805Z [command]/usr/bin/git config --local --unset-all extensions.worktreeConfig
native	Run actions/checkout@v4	2026-10-07T07:04:50.6117164Z ##[group]Checking out the ref
native	Run actions/checkout@v4	2026-10-07T07:04:50.6121090Z [command]/usr/bin/git checkout --progress --force -B main refs/remotes/origin/main
native	Run actions/checkout@v4	2026-10-07T07:04:50.6419072Z Switched to a new branch 'main'
native	Run actions/checkout@v4	2026-10-07T07:04:50.6421982Z branch 'main' set up to track 'origin/main'.
native	Run actions/checkout@v4	2026-10-07T07:04:50.6429617Z ##[endgroup]
native	Run actions/checkout@v4	2026-10-07T07:04:50.6465902Z [command]/usr/bin/git log -1 --format=%H
native	Run actions/checkout@v4	2026-10-07T07:04:50.6486831Z 44559fb1672e4d3468b4b6fc930cfdf4b4c1e99e
native	Run if [ -n "$(find native/crates -name '*.rs' -print -quit 2>/dev/null)" ]; then	﻿2026-10-07T07:04:50.6709393Z ##[group]Run if [ -n "$(find native/crates -name '*.rs' -print -quit 2>/dev/null)" ]; then
native	Run if [ -n "$(find native/crates -name '*.rs' -print -quit 2>/dev/null)" ]; then	2026-10-07T07:04:50.6711455Z [36;1mif [ -n "$(find native/crates -name '*.rs' -print -quit 2>/dev/null)" ]; then[0m
native	Run if [ -n "$(find native/crates -name '*.rs' -print -quit 2>/dev/null)" ]; then	2026-10-07T07:04:50.6712894Z [36;1m  cd native[0m
native	Run if [ -n "$(find native/crates -name '*.rs' -print -quit 2>/dev/null)" ]; then	2026-10-07T07:04:50.6713733Z [36;1m  cargo fmt --check[0m
native	Run if [ -n "$(find native/crates -name '*.rs' -print -quit 2>/dev/null)" ]; then	2026-10-07T07:04:50.6714768Z [36;1m  cargo clippy --all-targets -- -D warnings[0m
native	Run if [ -n "$(find native/crates -name '*.rs' -print -quit 2>/dev/null)" ]; then	2026-10-07T07:04:50.6716395Z [36;1m  cargo test[0m
native	Run if [ -n "$(find native/crates -name '*.rs' -print -quit 2>/dev/null)" ]; then	2026-10-07T07:04:50.6717574Z [36;1m  cargo install --locked cargo-deny && cargo deny check licenses[0m
native	Run if [ -n "$(find native/crates -name '*.rs' -print -quit 2>/dev/null)" ]; then	2026-10-07T07:04:50.6719310Z [36;1melse echo "nothing yet: no native sources"; fi[0m
native	Run if [ -n "$(find native/crates -name '*.rs' -print -quit 2>/dev/null)" ]; then	2026-10-07T07:04:50.6922537Z shell: /usr/bin/bash -e {0}
native	Run if [ -n "$(find native/crates -name '*.rs' -print -quit 2>/dev/null)" ]; then	2026-10-07T07:04:50.6923562Z ##[endgroup]
native	Run if [ -n "$(find native/crates -name '*.rs' -print -quit 2>/dev/null)" ]; then	2026-10-07T07:04:50.7048563Z nothing yet: no native sources
native	Post Run actions/checkout@v4	﻿2026-10-07T07:04:50.7259306Z Post job cleanup.
native	Post Run actions/checkout@v4	2026-10-07T07:04:50.7950807Z [command]/usr/bin/git version
native	Post Run actions/checkout@v4	2026-10-07T07:04:50.7982094Z git version 2.55.0
native	Post Run actions/checkout@v4	2026-10-07T07:04:50.8012066Z Temporarily overriding HOME='/home/runner/work/_temp/78abf371-6844-4fe3-be83-4a77f2edd769' before making global git config changes
native	Post Run actions/checkout@v4	2026-10-07T07:04:50.8014959Z Adding repository directory to the temporary git global config as a safe directory
native	Post Run actions/checkout@v4	2026-10-07T07:04:50.8017455Z [command]/usr/bin/git config --global --add safe.directory /home/runner/work/rk-uarch/rk-uarch
native	Post Run actions/checkout@v4	2026-10-07T07:04:50.8048236Z [command]/usr/bin/git config --local --name-only --get-regexp core\.sshCommand
native	Post Run actions/checkout@v4	2026-10-07T07:04:50.8079340Z [command]/usr/bin/git submodule foreach --recursive sh -c "git config --local --name-only --get-regexp 'core\.sshCommand' && git config --local --unset-all 'core.sshCommand' || :"
native	Post Run actions/checkout@v4	2026-10-07T07:04:50.8269705Z [command]/usr/bin/git config --local --name-only --get-regexp http\.https\:\/\/github\.com\/\.extraheader
native	Post Run actions/checkout@v4	2026-10-07T07:04:50.8291231Z http.https://github.com/.extraheader
native	Post Run actions/checkout@v4	2026-10-07T07:04:50.8300621Z [command]/usr/bin/git config --local --unset-all http.https://github.com/.extraheader
native	Post Run actions/checkout@v4	2026-10-07T07:04:50.8331049Z [command]/usr/bin/git submodule foreach --recursive sh -c "git config --local --name-only --get-regexp 'http\.https\:\/\/github\.com\/\.extraheader' && git config --local --unset-all 'http.https://github.com/.extraheader' || :"
native	Post Run actions/checkout@v4	2026-10-07T07:04:50.8530121Z [command]/usr/bin/git config --local --name-only --get-regexp ^includeIf\.gitdir:
native	Post Run actions/checkout@v4	2026-10-07T07:04:50.8558343Z [command]/usr/bin/git submodule foreach --recursive git config --local --show-origin --name-only --get-regexp remote.origin.url
native	Complete job	﻿2026-10-07T07:04:50.8888101Z Cleaning up orphan processes
native	Complete job	2026-10-07T07:04:50.9337572Z ##[warning]Node.js 20 is deprecated. The following actions target Node.js 20 but are being forced to run on Node.js 24: actions/checkout@v4. For more information see: https://github.blog/changelog/2025-09-19-deprecation-of-node-20-on-github-actions-runners/
ordering	Set up job	﻿2026-10-07T07:04:49.3269914Z Current runner version: '2.337.0'
ordering	Set up job	2026-10-07T07:04:49.3297329Z ##[group]Runner Image Provisioner
ordering	Set up job	2026-10-07T07:04:49.3298409Z Hosted Compute Agent
ordering	Set up job	2026-10-07T07:04:49.3299005Z Version: 20260901.588
ordering	Set up job	2026-10-07T07:04:49.3299738Z Commit: f88ec8081b781fac6c440065ac7ff9e710ce3d0b
ordering	Set up job	2026-10-07T07:04:49.3300513Z Build Date: 2026-09-01T19:56:44Z
ordering	Set up job	2026-10-07T07:04:49.3301239Z Worker ID: {762ae503-c6f4-43d9-89ac-b0c805b276cb}
ordering	Set up job	2026-10-07T07:04:49.3302018Z Azure Region: westus
ordering	Set up job	2026-10-07T07:04:49.3302638Z ##[endgroup]
ordering	Set up job	2026-10-07T07:04:49.3304312Z ##[group]Operating System
ordering	Set up job	2026-10-07T07:04:49.3305251Z Ubuntu
ordering	Set up job	2026-10-07T07:04:49.3305883Z 24.04.5
ordering	Set up job	2026-10-07T07:04:49.3306431Z LTS
ordering	Set up job	2026-10-07T07:04:49.3306960Z ##[endgroup]
ordering	Set up job	2026-10-07T07:04:49.3307566Z ##[group]Runner Image
ordering	Set up job	2026-10-07T07:04:49.3308211Z Image: ubuntu-24.04
ordering	Set up job	2026-10-07T07:04:49.3308772Z Version: 20260927.320.1
ordering	Set up job	2026-10-07T07:04:49.3309919Z Included Software: https://github.com/actions/runner-images/blob/ubuntu24/20260927.320/images/ubuntu/Ubuntu2404-Readme.md
ordering	Set up job	2026-10-07T07:04:49.3311777Z Image Release: https://github.com/actions/runner-images/releases/tag/ubuntu24%2F20260927.320
ordering	Set up job	2026-10-07T07:04:49.3312797Z ##[endgroup]
ordering	Set up job	2026-10-07T07:04:49.3314046Z ##[group]GITHUB_TOKEN Permissions
ordering	Set up job	2026-10-07T07:04:49.3316407Z Contents: read
ordering	Set up job	2026-10-07T07:04:49.3317194Z Metadata: read
ordering	Set up job	2026-10-07T07:04:49.3317857Z Packages: read
ordering	Set up job	2026-10-07T07:04:49.3318420Z ##[endgroup]
ordering	Set up job	2026-10-07T07:04:49.3320933Z Secret source: Actions
ordering	Set up job	2026-10-07T07:04:49.3321910Z Cache mode: write
ordering	Set up job	2026-10-07T07:04:49.3322731Z Prepare workflow directory
ordering	Set up job	2026-10-07T07:04:49.3692223Z Prepare all required actions
ordering	Set up job	2026-10-07T07:04:49.3763882Z Getting action download info
ordering	Set up job	2026-10-07T07:04:49.7161945Z Download action repository 'actions/checkout@v4' (SHA:11d5960a326750d5838078e36cf38b85af677262)
ordering	Set up job	2026-10-07T07:04:49.8976968Z Complete job name: ordering
ordering	Run actions/checkout@v4	﻿2026-10-07T07:04:49.9832190Z ##[group]Run actions/checkout@v4
ordering	Run actions/checkout@v4	2026-10-07T07:04:49.9833105Z with:
ordering	Run actions/checkout@v4	2026-10-07T07:04:49.9833546Z   fetch-depth: 0
ordering	Run actions/checkout@v4	2026-10-07T07:04:49.9834023Z   repository: kakoee/rk-uarch
ordering	Run actions/checkout@v4	2026-10-07T07:04:49.9838069Z   token: ***
ordering	Run actions/checkout@v4	2026-10-07T07:04:49.9838528Z   ssh-strict: true
ordering	Run actions/checkout@v4	2026-10-07T07:04:49.9838988Z   ssh-user: git
ordering	Run actions/checkout@v4	2026-10-07T07:04:49.9839448Z   persist-credentials: true
ordering	Run actions/checkout@v4	2026-10-07T07:04:49.9839953Z   clean: true
ordering	Run actions/checkout@v4	2026-10-07T07:04:49.9840406Z   sparse-checkout-cone-mode: true
ordering	Run actions/checkout@v4	2026-10-07T07:04:49.9840946Z   fetch-tags: false
ordering	Run actions/checkout@v4	2026-10-07T07:04:49.9841421Z   show-progress: true
ordering	Run actions/checkout@v4	2026-10-07T07:04:49.9841879Z   lfs: false
ordering	Run actions/checkout@v4	2026-10-07T07:04:49.9842303Z   submodules: false
ordering	Run actions/checkout@v4	2026-10-07T07:04:49.9842764Z   set-safe-directory: true
ordering	Run actions/checkout@v4	2026-10-07T07:04:49.9843331Z   allow-unsafe-pr-checkout: false
ordering	Run actions/checkout@v4	2026-10-07T07:04:49.9844123Z ##[endgroup]
ordering	Run actions/checkout@v4	2026-10-07T07:04:50.0843292Z Syncing repository: kakoee/rk-uarch
ordering	Run actions/checkout@v4	2026-10-07T07:04:50.0845435Z ##[group]Getting Git version info
ordering	Run actions/checkout@v4	2026-10-07T07:04:50.0846236Z Working directory is '/home/runner/work/rk-uarch/rk-uarch'
ordering	Run actions/checkout@v4	2026-10-07T07:04:50.0847491Z [command]/usr/bin/git version
ordering	Run actions/checkout@v4	2026-10-07T07:04:50.0927617Z git version 2.55.0
ordering	Run actions/checkout@v4	2026-10-07T07:04:50.0948594Z ##[endgroup]
ordering	Run actions/checkout@v4	2026-10-07T07:04:50.0962739Z Temporarily overriding HOME='/home/runner/work/_temp/107989cd-12e8-45ef-bf9f-685a34a37894' before making global git config changes
ordering	Run actions/checkout@v4	2026-10-07T07:04:50.0968127Z Adding repository directory to the temporary git global config as a safe directory
ordering	Run actions/checkout@v4	2026-10-07T07:04:50.0969552Z [command]/usr/bin/git config --global --add safe.directory /home/runner/work/rk-uarch/rk-uarch
ordering	Run actions/checkout@v4	2026-10-07T07:04:50.1018152Z Deleting the contents of '/home/runner/work/rk-uarch/rk-uarch'
ordering	Run actions/checkout@v4	2026-10-07T07:04:50.1022935Z ##[group]Initializing the repository
ordering	Run actions/checkout@v4	2026-10-07T07:04:50.1026933Z [command]/usr/bin/git init /home/runner/work/rk-uarch/rk-uarch
ordering	Run actions/checkout@v4	2026-10-07T07:04:50.1133063Z hint: Using 'master' as the name for the initial branch. This default branch name
ordering	Run actions/checkout@v4	2026-10-07T07:04:50.1135333Z hint: will change to "main" in Git 3.0. To configure the initial branch name
ordering	Run actions/checkout@v4	2026-10-07T07:04:50.1136802Z hint: to use in all of your new repositories, which will suppress this warning,
ordering	Run actions/checkout@v4	2026-10-07T07:04:50.1137931Z hint: call:
ordering	Run actions/checkout@v4	2026-10-07T07:04:50.1138912Z hint:
ordering	Run actions/checkout@v4	2026-10-07T07:04:50.1139663Z hint: 	git config --global init.defaultBranch <name>
ordering	Run actions/checkout@v4	2026-10-07T07:04:50.1140604Z hint:
ordering	Run actions/checkout@v4	2026-10-07T07:04:50.1141468Z hint: Names commonly chosen instead of 'master' are 'main', 'trunk' and
ordering	Run actions/checkout@v4	2026-10-07T07:04:50.1142634Z hint: 'development'. The just-created branch can be renamed via this command:
ordering	Run actions/checkout@v4	2026-10-07T07:04:50.1143576Z hint:
ordering	Run actions/checkout@v4	2026-10-07T07:04:50.1144087Z hint: 	git branch -m <name>
ordering	Run actions/checkout@v4	2026-10-07T07:04:50.1144673Z hint:
ordering	Run actions/checkout@v4	2026-10-07T07:04:50.1145786Z hint: Disable this message with "git config set advice.defaultBranchName false"
ordering	Run actions/checkout@v4	2026-10-07T07:04:50.1151111Z Initialized empty Git repository in /home/runner/work/rk-uarch/rk-uarch/.git/
ordering	Run actions/checkout@v4	2026-10-07T07:04:50.1160598Z [command]/usr/bin/git remote add origin https://github.com/kakoee/rk-uarch
ordering	Run actions/checkout@v4	2026-10-07T07:04:50.1205928Z ##[endgroup]
ordering	Run actions/checkout@v4	2026-10-07T07:04:50.1206915Z ##[group]Disabling automatic garbage collection
ordering	Run actions/checkout@v4	2026-10-07T07:04:50.1209228Z [command]/usr/bin/git config --local gc.auto 0
ordering	Run actions/checkout@v4	2026-10-07T07:04:50.1238036Z ##[endgroup]
ordering	Run actions/checkout@v4	2026-10-07T07:04:50.1238848Z ##[group]Setting up auth
ordering	Run actions/checkout@v4	2026-10-07T07:04:50.1244225Z [command]/usr/bin/git config --local --name-only --get-regexp core\.sshCommand
ordering	Run actions/checkout@v4	2026-10-07T07:04:50.1274188Z [command]/usr/bin/git submodule foreach --recursive sh -c "git config --local --name-only --get-regexp 'core\.sshCommand' && git config --local --unset-all 'core.sshCommand' || :"
ordering	Run actions/checkout@v4	2026-10-07T07:04:50.1623551Z [command]/usr/bin/git config --local --name-only --get-regexp http\.https\:\/\/github\.com\/\.extraheader
ordering	Run actions/checkout@v4	2026-10-07T07:04:50.1654241Z [command]/usr/bin/git submodule foreach --recursive sh -c "git config --local --name-only --get-regexp 'http\.https\:\/\/github\.com\/\.extraheader' && git config --local --unset-all 'http.https://github.com/.extraheader' || :"
ordering	Run actions/checkout@v4	2026-10-07T07:04:50.1876259Z [command]/usr/bin/git config --local --name-only --get-regexp ^includeIf\.gitdir:
ordering	Run actions/checkout@v4	2026-10-07T07:04:50.1907043Z [command]/usr/bin/git submodule foreach --recursive git config --local --show-origin --name-only --get-regexp remote.origin.url
ordering	Run actions/checkout@v4	2026-10-07T07:04:50.2127225Z [command]/usr/bin/git config --local http.https://github.com/.extraheader AUTHORIZATION: basic ***
ordering	Run actions/checkout@v4	2026-10-07T07:04:50.2161660Z ##[endgroup]
ordering	Run actions/checkout@v4	2026-10-07T07:04:50.2170521Z ##[group]Fetching the repository
ordering	Run actions/checkout@v4	2026-10-07T07:04:50.2172044Z [command]/usr/bin/git -c protocol.version=2 fetch --prune --no-recurse-submodules origin +refs/heads/*:refs/remotes/origin/* +refs/tags/*:refs/tags/*
ordering	Run actions/checkout@v4	2026-10-07T07:04:50.9089417Z From https://github.com/kakoee/rk-uarch
ordering	Run actions/checkout@v4	2026-10-07T07:04:50.9090314Z  * [new branch]      main       -> origin/main
ordering	Run actions/checkout@v4	2026-10-07T07:04:50.9091046Z  * [new tag]         u00-end    -> u00-end
ordering	Run actions/checkout@v4	2026-10-07T07:04:50.9101515Z [command]/usr/bin/git branch --list --remote origin/main
ordering	Run actions/checkout@v4	2026-10-07T07:04:50.9124722Z   origin/main
ordering	Run actions/checkout@v4	2026-10-07T07:04:50.9133241Z [command]/usr/bin/git rev-parse refs/remotes/origin/main
ordering	Run actions/checkout@v4	2026-10-07T07:04:50.9153810Z 44559fb1672e4d3468b4b6fc930cfdf4b4c1e99e
ordering	Run actions/checkout@v4	2026-10-07T07:04:50.9159121Z ##[endgroup]
ordering	Run actions/checkout@v4	2026-10-07T07:04:50.9160386Z ##[group]Determining the checkout info
ordering	Run actions/checkout@v4	2026-10-07T07:04:50.9166689Z ##[endgroup]
ordering	Run actions/checkout@v4	2026-10-07T07:04:50.9170598Z [command]/usr/bin/git sparse-checkout disable
ordering	Run actions/checkout@v4	2026-10-07T07:04:50.9217138Z [command]/usr/bin/git config --local --unset-all extensions.worktreeConfig
ordering	Run actions/checkout@v4	2026-10-07T07:04:50.9244639Z ##[group]Checking out the ref
ordering	Run actions/checkout@v4	2026-10-07T07:04:50.9247587Z [command]/usr/bin/git checkout --progress --force -B main refs/remotes/origin/main
ordering	Run actions/checkout@v4	2026-10-07T07:04:50.9558454Z Switched to a new branch 'main'
ordering	Run actions/checkout@v4	2026-10-07T07:04:50.9564403Z branch 'main' set up to track 'origin/main'.
ordering	Run actions/checkout@v4	2026-10-07T07:04:50.9572262Z ##[endgroup]
ordering	Run actions/checkout@v4	2026-10-07T07:04:50.9610630Z [command]/usr/bin/git log -1 --format=%H
ordering	Run actions/checkout@v4	2026-10-07T07:04:50.9632825Z 44559fb1672e4d3468b4b6fc930cfdf4b4c1e99e
ordering	Run if [ -n "$(find validation/L3_silicon -path '*/predictions/*' -type f -print -quit)" ]; then	﻿2026-10-07T07:04:50.9907941Z ##[group]Run if [ -n "$(find validation/L3_silicon -path '*/predictions/*' -type f -print -quit)" ]; then
ordering	Run if [ -n "$(find validation/L3_silicon -path '*/predictions/*' -type f -print -quit)" ]; then	2026-10-07T07:04:50.9909425Z [36;1mif [ -n "$(find validation/L3_silicon -path '*/predictions/*' -type f -print -quit)" ]; then[0m
ordering	Run if [ -n "$(find validation/L3_silicon -path '*/predictions/*' -type f -print -quit)" ]; then	2026-10-07T07:04:50.9910693Z [36;1m  python3 validation/L3_silicon/check_ordering.py[0m
ordering	Run if [ -n "$(find validation/L3_silicon -path '*/predictions/*' -type f -print -quit)" ]; then	2026-10-07T07:04:50.9911469Z [36;1melse echo "nothing yet: no predictions"; fi[0m
ordering	Run if [ -n "$(find validation/L3_silicon -path '*/predictions/*' -type f -print -quit)" ]; then	2026-10-07T07:04:51.0185960Z shell: /usr/bin/bash -e {0}
ordering	Run if [ -n "$(find validation/L3_silicon -path '*/predictions/*' -type f -print -quit)" ]; then	2026-10-07T07:04:51.0186779Z ##[endgroup]
ordering	Run if [ -n "$(find validation/L3_silicon -path '*/predictions/*' -type f -print -quit)" ]; then	2026-10-07T07:04:51.0304516Z nothing yet: no predictions
ordering	Post Run actions/checkout@v4	﻿2026-10-07T07:04:51.0470203Z Post job cleanup.
ordering	Post Run actions/checkout@v4	2026-10-07T07:04:51.1340170Z [command]/usr/bin/git version
ordering	Post Run actions/checkout@v4	2026-10-07T07:04:51.1376863Z git version 2.55.0
ordering	Post Run actions/checkout@v4	2026-10-07T07:04:51.1415378Z Temporarily overriding HOME='/home/runner/work/_temp/2644986f-0a2d-456d-8384-663339d54c37' before making global git config changes
ordering	Post Run actions/checkout@v4	2026-10-07T07:04:51.1418260Z Adding repository directory to the temporary git global config as a safe directory
ordering	Post Run actions/checkout@v4	2026-10-07T07:04:51.1420745Z [command]/usr/bin/git config --global --add safe.directory /home/runner/work/rk-uarch/rk-uarch
ordering	Post Run actions/checkout@v4	2026-10-07T07:04:51.1458984Z [command]/usr/bin/git config --local --name-only --get-regexp core\.sshCommand
ordering	Post Run actions/checkout@v4	2026-10-07T07:04:51.1491997Z [command]/usr/bin/git submodule foreach --recursive sh -c "git config --local --name-only --get-regexp 'core\.sshCommand' && git config --local --unset-all 'core.sshCommand' || :"
ordering	Post Run actions/checkout@v4	2026-10-07T07:04:51.1719888Z [command]/usr/bin/git config --local --name-only --get-regexp http\.https\:\/\/github\.com\/\.extraheader
ordering	Post Run actions/checkout@v4	2026-10-07T07:04:51.1747398Z http.https://github.com/.extraheader
ordering	Post Run actions/checkout@v4	2026-10-07T07:04:51.1758554Z [command]/usr/bin/git config --local --unset-all http.https://github.com/.extraheader
ordering	Post Run actions/checkout@v4	2026-10-07T07:04:51.1789966Z [command]/usr/bin/git submodule foreach --recursive sh -c "git config --local --name-only --get-regexp 'http\.https\:\/\/github\.com\/\.extraheader' && git config --local --unset-all 'http.https://github.com/.extraheader' || :"
ordering	Post Run actions/checkout@v4	2026-10-07T07:04:51.2008487Z [command]/usr/bin/git config --local --name-only --get-regexp ^includeIf\.gitdir:
ordering	Post Run actions/checkout@v4	2026-10-07T07:04:51.2041940Z [command]/usr/bin/git submodule foreach --recursive git config --local --show-origin --name-only --get-regexp remote.origin.url
ordering	Complete job	﻿2026-10-07T07:04:51.2405650Z Cleaning up orphan processes
ordering	Complete job	2026-10-07T07:04:51.2830363Z ##[warning]Node.js 20 is deprecated. The following actions target Node.js 20 but are being forced to run on Node.js 24: actions/checkout@v4. For more information see: https://github.blog/changelog/2025-09-19-deprecation-of-node-20-on-github-actions-runners/
determinism	Set up job	﻿2026-10-07T07:04:48.4149410Z Current runner version: '2.337.0'
determinism	Set up job	2026-10-07T07:04:48.4164929Z ##[group]Runner Image Provisioner
determinism	Set up job	2026-10-07T07:04:48.4165502Z Hosted Compute Agent
determinism	Set up job	2026-10-07T07:04:48.4165885Z Version: 20260901.588
determinism	Set up job	2026-10-07T07:04:48.4166242Z Commit: f88ec8081b781fac6c440065ac7ff9e710ce3d0b
determinism	Set up job	2026-10-07T07:04:48.4166816Z Build Date: 2026-09-01T19:56:44Z
determinism	Set up job	2026-10-07T07:04:48.4167203Z Worker ID: {cee7c213-4e63-41e2-a649-0d1eb6f8528b}
determinism	Set up job	2026-10-07T07:04:48.4167649Z Azure Region: centralus
determinism	Set up job	2026-10-07T07:04:48.4168022Z ##[endgroup]
determinism	Set up job	2026-10-07T07:04:48.4168796Z ##[group]Operating System
determinism	Set up job	2026-10-07T07:04:48.4169184Z Ubuntu
determinism	Set up job	2026-10-07T07:04:48.4169485Z 24.04.5
determinism	Set up job	2026-10-07T07:04:48.4169770Z LTS
determinism	Set up job	2026-10-07T07:04:48.4170136Z ##[endgroup]
determinism	Set up job	2026-10-07T07:04:48.4170446Z ##[group]Runner Image
determinism	Set up job	2026-10-07T07:04:48.4170802Z Image: ubuntu-24.04
determinism	Set up job	2026-10-07T07:04:48.4171140Z Version: 20260927.320.1
determinism	Set up job	2026-10-07T07:04:48.4171733Z Included Software: https://github.com/actions/runner-images/blob/ubuntu24/20260927.320/images/ubuntu/Ubuntu2404-Readme.md
determinism	Set up job	2026-10-07T07:04:48.4172739Z Image Release: https://github.com/actions/runner-images/releases/tag/ubuntu24%2F20260927.320
determinism	Set up job	2026-10-07T07:04:48.4173296Z ##[endgroup]
determinism	Set up job	2026-10-07T07:04:48.4173981Z ##[group]GITHUB_TOKEN Permissions
determinism	Set up job	2026-10-07T07:04:48.4175328Z Contents: read
determinism	Set up job	2026-10-07T07:04:48.4175667Z Metadata: read
determinism	Set up job	2026-10-07T07:04:48.4175979Z Packages: read
determinism	Set up job	2026-10-07T07:04:48.4176340Z ##[endgroup]
determinism	Set up job	2026-10-07T07:04:48.4177656Z Secret source: Actions
determinism	Set up job	2026-10-07T07:04:48.4178233Z Cache mode: write
determinism	Set up job	2026-10-07T07:04:48.4178643Z Prepare workflow directory
determinism	Set up job	2026-10-07T07:04:48.4368205Z Prepare all required actions
determinism	Set up job	2026-10-07T07:04:48.4397396Z Getting action download info
determinism	Set up job	2026-10-07T07:04:48.6585302Z Download action repository 'actions/checkout@v4' (SHA:11d5960a326750d5838078e36cf38b85af677262)
determinism	Set up job	2026-10-07T07:04:48.7271764Z Download action repository 'astral-sh/setup-uv@v3' (SHA:caf0cab7a618c569241d31dcd442f54681755d39)
determinism	Set up job	2026-10-07T07:04:49.2147314Z Complete job name: determinism
determinism	Run actions/checkout@v4	﻿2026-10-07T07:04:49.2564964Z ##[group]Run actions/checkout@v4
determinism	Run actions/checkout@v4	2026-10-07T07:04:49.2565390Z with:
determinism	Run actions/checkout@v4	2026-10-07T07:04:49.2565627Z   repository: kakoee/rk-uarch
determinism	Run actions/checkout@v4	2026-10-07T07:04:49.2567742Z   token: ***
determinism	Run actions/checkout@v4	2026-10-07T07:04:49.2567967Z   ssh-strict: true
determinism	Run actions/checkout@v4	2026-10-07T07:04:49.2568197Z   ssh-user: git
determinism	Run actions/checkout@v4	2026-10-07T07:04:49.2568431Z   persist-credentials: true
determinism	Run actions/checkout@v4	2026-10-07T07:04:49.2568688Z   clean: true
determinism	Run actions/checkout@v4	2026-10-07T07:04:49.2568925Z   sparse-checkout-cone-mode: true
determinism	Run actions/checkout@v4	2026-10-07T07:04:49.2569200Z   fetch-depth: 1
determinism	Run actions/checkout@v4	2026-10-07T07:04:49.2569424Z   fetch-tags: false
determinism	Run actions/checkout@v4	2026-10-07T07:04:49.2569654Z   show-progress: true
determinism	Run actions/checkout@v4	2026-10-07T07:04:49.2569892Z   lfs: false
determinism	Run actions/checkout@v4	2026-10-07T07:04:49.2570107Z   submodules: false
determinism	Run actions/checkout@v4	2026-10-07T07:04:49.2570341Z   set-safe-directory: true
determinism	Run actions/checkout@v4	2026-10-07T07:04:49.2570606Z   allow-unsafe-pr-checkout: false
determinism	Run actions/checkout@v4	2026-10-07T07:04:49.2570952Z ##[endgroup]
determinism	Run actions/checkout@v4	2026-10-07T07:04:49.3184842Z Syncing repository: kakoee/rk-uarch
determinism	Run actions/checkout@v4	2026-10-07T07:04:49.3185842Z ##[group]Getting Git version info
determinism	Run actions/checkout@v4	2026-10-07T07:04:49.3186208Z Working directory is '/home/runner/work/rk-uarch/rk-uarch'
determinism	Run actions/checkout@v4	2026-10-07T07:04:49.3186956Z [command]/usr/bin/git version
determinism	Run actions/checkout@v4	2026-10-07T07:04:49.3240438Z git version 2.55.0
determinism	Run actions/checkout@v4	2026-10-07T07:04:49.3251296Z ##[endgroup]
determinism	Run actions/checkout@v4	2026-10-07T07:04:49.3260078Z Temporarily overriding HOME='/home/runner/work/_temp/4737dede-517f-4f1f-bddc-c96f64d87fc6' before making global git config changes
determinism	Run actions/checkout@v4	2026-10-07T07:04:49.3261290Z Adding repository directory to the temporary git global config as a safe directory
determinism	Run actions/checkout@v4	2026-10-07T07:04:49.3263335Z [command]/usr/bin/git config --global --add safe.directory /home/runner/work/rk-uarch/rk-uarch
determinism	Run actions/checkout@v4	2026-10-07T07:04:49.3299095Z Deleting the contents of '/home/runner/work/rk-uarch/rk-uarch'
determinism	Run actions/checkout@v4	2026-10-07T07:04:49.3301407Z ##[group]Initializing the repository
determinism	Run actions/checkout@v4	2026-10-07T07:04:49.3303616Z [command]/usr/bin/git init /home/runner/work/rk-uarch/rk-uarch
determinism	Run actions/checkout@v4	2026-10-07T07:04:49.3408701Z hint: Using 'master' as the name for the initial branch. This default branch name
determinism	Run actions/checkout@v4	2026-10-07T07:04:49.3409247Z hint: will change to "main" in Git 3.0. To configure the initial branch name
determinism	Run actions/checkout@v4	2026-10-07T07:04:49.3409912Z hint: to use in all of your new repositories, which will suppress this warning,
determinism	Run actions/checkout@v4	2026-10-07T07:04:49.3410510Z hint: call:
determinism	Run actions/checkout@v4	2026-10-07T07:04:49.3410825Z hint:
determinism	Run actions/checkout@v4	2026-10-07T07:04:49.3411226Z hint: 	git config --global init.defaultBranch <name>
determinism	Run actions/checkout@v4	2026-10-07T07:04:49.3411718Z hint:
determinism	Run actions/checkout@v4	2026-10-07T07:04:49.3412178Z hint: Names commonly chosen instead of 'master' are 'main', 'trunk' and
determinism	Run actions/checkout@v4	2026-10-07T07:04:49.3412928Z hint: 'development'. The just-created branch can be renamed via this command:
determinism	Run actions/checkout@v4	2026-10-07T07:04:49.3413555Z hint:
determinism	Run actions/checkout@v4	2026-10-07T07:04:49.3413799Z hint: 	git branch -m <name>
determinism	Run actions/checkout@v4	2026-10-07T07:04:49.3414161Z hint:
determinism	Run actions/checkout@v4	2026-10-07T07:04:49.3414617Z hint: Disable this message with "git config set advice.defaultBranchName false"
determinism	Run actions/checkout@v4	2026-10-07T07:04:49.3415379Z Initialized empty Git repository in /home/runner/work/rk-uarch/rk-uarch/.git/
determinism	Run actions/checkout@v4	2026-10-07T07:04:49.3418888Z [command]/usr/bin/git remote add origin https://github.com/kakoee/rk-uarch
determinism	Run actions/checkout@v4	2026-10-07T07:04:49.3455241Z ##[endgroup]
determinism	Run actions/checkout@v4	2026-10-07T07:04:49.3455669Z ##[group]Disabling automatic garbage collection
determinism	Run actions/checkout@v4	2026-10-07T07:04:49.3457470Z [command]/usr/bin/git config --local gc.auto 0
determinism	Run actions/checkout@v4	2026-10-07T07:04:49.3479380Z ##[endgroup]
determinism	Run actions/checkout@v4	2026-10-07T07:04:49.3480025Z ##[group]Setting up auth
determinism	Run actions/checkout@v4	2026-10-07T07:04:49.3483415Z [command]/usr/bin/git config --local --name-only --get-regexp core\.sshCommand
determinism	Run actions/checkout@v4	2026-10-07T07:04:49.3504818Z [command]/usr/bin/git submodule foreach --recursive sh -c "git config --local --name-only --get-regexp 'core\.sshCommand' && git config --local --unset-all 'core.sshCommand' || :"
determinism	Run actions/checkout@v4	2026-10-07T07:04:49.3772411Z [command]/usr/bin/git config --local --name-only --get-regexp http\.https\:\/\/github\.com\/\.extraheader
determinism	Run actions/checkout@v4	2026-10-07T07:04:49.3792633Z [command]/usr/bin/git submodule foreach --recursive sh -c "git config --local --name-only --get-regexp 'http\.https\:\/\/github\.com\/\.extraheader' && git config --local --unset-all 'http.https://github.com/.extraheader' || :"
determinism	Run actions/checkout@v4	2026-10-07T07:04:49.3947606Z [command]/usr/bin/git config --local --name-only --get-regexp ^includeIf\.gitdir:
determinism	Run actions/checkout@v4	2026-10-07T07:04:49.3977245Z [command]/usr/bin/git submodule foreach --recursive git config --local --show-origin --name-only --get-regexp remote.origin.url
determinism	Run actions/checkout@v4	2026-10-07T07:04:49.4148011Z [command]/usr/bin/git config --local http.https://github.com/.extraheader AUTHORIZATION: basic ***
determinism	Run actions/checkout@v4	2026-10-07T07:04:49.4173058Z ##[endgroup]
determinism	Run actions/checkout@v4	2026-10-07T07:04:49.4173573Z ##[group]Fetching the repository
determinism	Run actions/checkout@v4	2026-10-07T07:04:49.4178134Z [command]/usr/bin/git -c protocol.version=2 fetch --no-tags --prune --no-recurse-submodules --depth=1 origin +44559fb1672e4d3468b4b6fc930cfdf4b4c1e99e:refs/remotes/origin/main
determinism	Run actions/checkout@v4	2026-10-07T07:04:49.9333013Z From https://github.com/kakoee/rk-uarch
determinism	Run actions/checkout@v4	2026-10-07T07:04:49.9333638Z  * [new ref]         44559fb1672e4d3468b4b6fc930cfdf4b4c1e99e -> origin/main
determinism	Run actions/checkout@v4	2026-10-07T07:04:49.9336705Z ##[endgroup]
determinism	Run actions/checkout@v4	2026-10-07T07:04:49.9337442Z ##[group]Determining the checkout info
determinism	Run actions/checkout@v4	2026-10-07T07:04:49.9338629Z ##[endgroup]
determinism	Run actions/checkout@v4	2026-10-07T07:04:49.9342796Z [command]/usr/bin/git sparse-checkout disable
determinism	Run actions/checkout@v4	2026-10-07T07:04:49.9379135Z [command]/usr/bin/git config --local --unset-all extensions.worktreeConfig
determinism	Run actions/checkout@v4	2026-10-07T07:04:49.9432150Z ##[group]Checking out the ref
determinism	Run actions/checkout@v4	2026-10-07T07:04:49.9433822Z [command]/usr/bin/git checkout --progress --force -B main refs/remotes/origin/main
determinism	Run actions/checkout@v4	2026-10-07T07:04:49.9657265Z Switched to a new branch 'main'
determinism	Run actions/checkout@v4	2026-10-07T07:04:49.9661236Z branch 'main' set up to track 'origin/main'.
determinism	Run actions/checkout@v4	2026-10-07T07:04:49.9665887Z ##[endgroup]
determinism	Run actions/checkout@v4	2026-10-07T07:04:49.9692717Z [command]/usr/bin/git log -1 --format=%H
determinism	Run actions/checkout@v4	2026-10-07T07:04:49.9709146Z 44559fb1672e4d3468b4b6fc930cfdf4b4c1e99e
determinism	Run astral-sh/setup-uv@v3	﻿2026-10-07T07:04:49.9919409Z ##[group]Run astral-sh/setup-uv@v3
determinism	Run astral-sh/setup-uv@v3	2026-10-07T07:04:49.9919757Z with:
determinism	Run astral-sh/setup-uv@v3	2026-10-07T07:04:49.9919990Z   version: latest
determinism	Run astral-sh/setup-uv@v3	2026-10-07T07:04:49.9922022Z   github-token: ***
determinism	Run astral-sh/setup-uv@v3	2026-10-07T07:04:49.9922280Z   enable-cache: false
determinism	Run astral-sh/setup-uv@v3	2026-10-07T07:04:49.9922563Z   cache-dependency-glob: **/uv.lock
determinism	Run astral-sh/setup-uv@v3	2026-10-07T07:04:49.9922866Z   prune-cache: true
determinism	Run astral-sh/setup-uv@v3	2026-10-07T07:04:49.9923116Z ##[endgroup]
determinism	Run astral-sh/setup-uv@v3	2026-10-07T07:04:50.0678594Z Downloading uv from "https://github.com/astral-sh/uv/releases/latest/download/uv-x86_64-unknown-linux-gnu.tar.gz" ...
determinism	Run astral-sh/setup-uv@v3	2026-10-07T07:04:50.0683839Z (node:2129) [DEP0040] DeprecationWarning: The `punycode` module is deprecated. Please use a userland alternative instead.
determinism	Run astral-sh/setup-uv@v3	2026-10-07T07:04:50.0684641Z (Use `node --trace-deprecation ...` to show where the warning was created)
determinism	Run astral-sh/setup-uv@v3	2026-10-07T07:04:50.4763084Z [command]/usr/bin/tar xz --warning=no-unknown-keyword --overwrite -C /home/runner/work/_temp/4456d686-17e3-4aea-ba0c-1803eca4c415 -f /home/runner/work/_temp/6357a6e0-479f-4b45-a98b-f9ae4cfaaf07
determinism	Run astral-sh/setup-uv@v3	2026-10-07T07:04:50.9202512Z Added /opt/hostedtoolcache/uv/0.12.23/x86_64 to the path
determinism	Run astral-sh/setup-uv@v3	2026-10-07T07:04:50.9202962Z Added /home/runner/.local/bin to the path
determinism	Run astral-sh/setup-uv@v3	2026-10-07T07:04:50.9206019Z Successfully installed uv version 0.12.23
determinism	Run astral-sh/setup-uv@v3	2026-10-07T07:04:50.9218318Z Set UV_CACHE_DIR to /home/runner/work/_temp/setup-uv-cache
determinism	Run uv sync --extra dev	﻿2026-10-07T07:04:50.9343147Z ##[group]Run uv sync --extra dev
determinism	Run uv sync --extra dev	2026-10-07T07:04:50.9343391Z [36;1muv sync --extra dev[0m
determinism	Run uv sync --extra dev	2026-10-07T07:04:50.9700526Z shell: /usr/bin/bash -e {0}
determinism	Run uv sync --extra dev	2026-10-07T07:04:50.9700719Z env:
determinism	Run uv sync --extra dev	2026-10-07T07:04:50.9700886Z   UV_CACHE_DIR: /home/runner/work/_temp/setup-uv-cache
determinism	Run uv sync --extra dev	2026-10-07T07:04:50.9701087Z ##[endgroup]
determinism	Run uv sync --extra dev	2026-10-07T07:04:51.0098951Z Using CPython 3.12.3 interpreter at: /usr/bin/python3.12
determinism	Run uv sync --extra dev	2026-10-07T07:04:51.0099520Z Creating virtual environment at: .venv
determinism	Run uv sync --extra dev	2026-10-07T07:04:51.0115704Z Resolved 41 packages in 0.65ms
determinism	Run uv sync --extra dev	2026-10-07T07:04:51.0150855Z    Building rk-uarch @ file:///home/runner/work/rk-uarch/rk-uarch
determinism	Run uv sync --extra dev	2026-10-07T07:04:51.0770393Z Downloading ast-serialize (1.3MiB)
determinism	Run uv sync --extra dev	2026-10-07T07:04:51.0923987Z Downloading mypy (14.6MiB)
determinism	Run uv sync --extra dev	2026-10-07T07:04:51.0925185Z Downloading pygments (1.2MiB)
determinism	Run uv sync --extra dev	2026-10-07T07:04:51.0925794Z Downloading numpy (15.9MiB)
determinism	Run uv sync --extra dev	2026-10-07T07:04:51.0928763Z Downloading grimp (2.2MiB)
determinism	Run uv sync --extra dev	2026-10-07T07:04:51.0930691Z Downloading ruff (9.9MiB)
determinism	Run uv sync --extra dev	2026-10-07T07:04:51.0932188Z Downloading pydantic-core (2.0MiB)
determinism	Run uv sync --extra dev	2026-10-07T07:04:51.0933629Z Downloading hypothesis (1.1MiB)
determinism	Run uv sync --extra dev	2026-10-07T07:04:51.4285972Z  Downloaded hypothesis
determinism	Run uv sync --extra dev	2026-10-07T07:04:51.4352575Z  Downloaded pygments
determinism	Run uv sync --extra dev	2026-10-07T07:04:51.4358042Z  Downloaded ast-serialize
determinism	Run uv sync --extra dev	2026-10-07T07:04:51.4708720Z  Downloaded pydantic-core
determinism	Run uv sync --extra dev	2026-10-07T07:04:51.4789931Z  Downloaded grimp
determinism	Run uv sync --extra dev	2026-10-07T07:04:51.5080804Z       Built rk-uarch @ file:///home/runner/work/rk-uarch/rk-uarch
determinism	Run uv sync --extra dev	2026-10-07T07:04:51.6078038Z  Downloaded ruff
determinism	Run uv sync --extra dev	2026-10-07T07:04:51.6659485Z  Downloaded numpy
determinism	Run uv sync --extra dev	2026-10-07T07:04:51.6891274Z  Downloaded mypy
determinism	Run uv sync --extra dev	2026-10-07T07:04:51.6893386Z Prepared 35 packages in 676ms
determinism	Run uv sync --extra dev	2026-10-07T07:04:51.7208008Z Installed 35 packages in 31ms
determinism	Run uv sync --extra dev	2026-10-07T07:04:51.7208306Z  + annotated-doc==0.0.5
determinism	Run uv sync --extra dev	2026-10-07T07:04:51.7214823Z  + annotated-types==0.8.0
determinism	Run uv sync --extra dev	2026-10-07T07:04:51.7215070Z  + ast-serialize==0.11.2
determinism	Run uv sync --extra dev	2026-10-07T07:04:51.7215267Z  + click==8.5.0
determinism	Run uv sync --extra dev	2026-10-07T07:04:51.7215438Z  + coverage==7.16.2
determinism	Run uv sync --extra dev	2026-10-07T07:04:51.7215617Z  + grimp==3.17
determinism	Run uv sync --extra dev	2026-10-07T07:04:51.7215789Z  + hypothesis==6.168.3
determinism	Run uv sync --extra dev	2026-10-07T07:04:51.7216018Z  + import-linter==2.15
determinism	Run uv sync --extra dev	2026-10-07T07:04:51.7216196Z  + iniconfig==2.3.0
determinism	Run uv sync --extra dev	2026-10-07T07:04:51.7216375Z  + jinja2==3.1.6
determinism	Run uv sync --extra dev	2026-10-07T07:04:51.7216683Z  + librt==0.16.0
determinism	Run uv sync --extra dev	2026-10-07T07:04:51.7216859Z  + markdown-it-py==4.2.0
determinism	Run uv sync --extra dev	2026-10-07T07:04:51.7217046Z  + markupsafe==3.0.3
determinism	Run uv sync --extra dev	2026-10-07T07:04:51.7217221Z  + mdurl==0.1.2
determinism	Run uv sync --extra dev	2026-10-07T07:04:51.7217377Z  + mypy==2.3.1
determinism	Run uv sync --extra dev	2026-10-07T07:04:51.7217545Z  + mypy-extensions==1.1.0
determinism	Run uv sync --extra dev	2026-10-07T07:04:51.7217672Z  + numpy==2.5.3
determinism	Run uv sync --extra dev	2026-10-07T07:04:51.7217786Z  + packaging==26.3
determinism	Run uv sync --extra dev	2026-10-07T07:04:51.7217972Z  + pathspec==1.1.1
determinism	Run uv sync --extra dev	2026-10-07T07:04:51.7218670Z  + pluggy==1.6.0
determinism	Run uv sync --extra dev	2026-10-07T07:04:51.7218844Z  + pydantic==2.13.5
determinism	Run uv sync --extra dev	2026-10-07T07:04:51.7219021Z  + pydantic-core==2.46.5
determinism	Run uv sync --extra dev	2026-10-07T07:04:51.7219210Z  + pygments==2.21.0
determinism	Run uv sync --extra dev	2026-10-07T07:04:51.7219392Z  + pytest==9.1.1
determinism	Run uv sync --extra dev	2026-10-07T07:04:51.7219568Z  + pytest-cov==7.1.0
determinism	Run uv sync --extra dev	2026-10-07T07:04:51.7219738Z  + pyyaml==6.0.3
determinism	Run uv sync --extra dev	2026-10-07T07:04:51.7219915Z  + rich==15.0.0
determinism	Run uv sync --extra dev	2026-10-07T07:04:51.7220162Z  + rk-uarch==0.0.1 (from file:///home/runner/work/rk-uarch/rk-uarch)
determinism	Run uv sync --extra dev	2026-10-07T07:04:51.7220465Z  + ruff==0.16.9
determinism	Run uv sync --extra dev	2026-10-07T07:04:51.7220903Z  + shellingham==1.5.4
determinism	Run uv sync --extra dev	2026-10-07T07:04:51.7221096Z  + sortedcontainers==2.4.0
determinism	Run uv sync --extra dev	2026-10-07T07:04:51.7221289Z  + typer==0.27.2
determinism	Run uv sync --extra dev	2026-10-07T07:04:51.7221466Z  + types-pyyaml==6.0.12.20260906
determinism	Run uv sync --extra dev	2026-10-07T07:04:51.7221683Z  + typing-extensions==4.16.0
determinism	Run uv sync --extra dev	2026-10-07T07:04:51.7221890Z  + typing-inspection==0.4.4
determinism	Run if [ -n "$(find tests/golden/scenarios -name '*.yaml' -print -quit)" ]; then	﻿2026-10-07T07:04:51.7322472Z ##[group]Run if [ -n "$(find tests/golden/scenarios -name '*.yaml' -print -quit)" ]; then
determinism	Run if [ -n "$(find tests/golden/scenarios -name '*.yaml' -print -quit)" ]; then	2026-10-07T07:04:51.7322815Z [36;1mif [ -n "$(find tests/golden/scenarios -name '*.yaml' -print -quit)" ]; then[0m
determinism	Run if [ -n "$(find tests/golden/scenarios -name '*.yaml' -print -quit)" ]; then	2026-10-07T07:04:51.7323045Z [36;1m  uv run pytest -q -m determinism[0m
determinism	Run if [ -n "$(find tests/golden/scenarios -name '*.yaml' -print -quit)" ]; then	2026-10-07T07:04:51.7323224Z [36;1melse echo "nothing yet: no golden scenarios"; fi[0m
determinism	Run if [ -n "$(find tests/golden/scenarios -name '*.yaml' -print -quit)" ]; then	2026-10-07T07:04:51.7374858Z shell: /usr/bin/bash -e {0}
determinism	Run if [ -n "$(find tests/golden/scenarios -name '*.yaml' -print -quit)" ]; then	2026-10-07T07:04:51.7374995Z env:
determinism	Run if [ -n "$(find tests/golden/scenarios -name '*.yaml' -print -quit)" ]; then	2026-10-07T07:04:51.7375136Z   UV_CACHE_DIR: /home/runner/work/_temp/setup-uv-cache
determinism	Run if [ -n "$(find tests/golden/scenarios -name '*.yaml' -print -quit)" ]; then	2026-10-07T07:04:51.7375368Z ##[endgroup]
determinism	Run if [ -n "$(find tests/golden/scenarios -name '*.yaml' -print -quit)" ]; then	2026-10-07T07:04:51.7449101Z nothing yet: no golden scenarios
determinism	Post Run astral-sh/setup-uv@v3	﻿2026-10-07T07:04:51.7505932Z Post job cleanup.
determinism	Post Run actions/checkout@v4	﻿2026-10-07T07:04:51.8286899Z Post job cleanup.
determinism	Post Run actions/checkout@v4	2026-10-07T07:04:51.8784176Z [command]/usr/bin/git version
determinism	Post Run actions/checkout@v4	2026-10-07T07:04:51.8809267Z git version 2.55.0
determinism	Post Run actions/checkout@v4	2026-10-07T07:04:51.8830450Z Temporarily overriding HOME='/home/runner/work/_temp/410c9196-1cc4-443c-a24b-861d2ee78e0e' before making global git config changes
determinism	Post Run actions/checkout@v4	2026-10-07T07:04:51.8830979Z Adding repository directory to the temporary git global config as a safe directory
determinism	Post Run actions/checkout@v4	2026-10-07T07:04:51.8833434Z [command]/usr/bin/git config --global --add safe.directory /home/runner/work/rk-uarch/rk-uarch
determinism	Post Run actions/checkout@v4	2026-10-07T07:04:51.8858972Z [command]/usr/bin/git config --local --name-only --get-regexp core\.sshCommand
determinism	Post Run actions/checkout@v4	2026-10-07T07:04:51.8881263Z [command]/usr/bin/git submodule foreach --recursive sh -c "git config --local --name-only --get-regexp 'core\.sshCommand' && git config --local --unset-all 'core.sshCommand' || :"
determinism	Post Run actions/checkout@v4	2026-10-07T07:04:51.9041779Z [command]/usr/bin/git config --local --name-only --get-regexp http\.https\:\/\/github\.com\/\.extraheader
determinism	Post Run actions/checkout@v4	2026-10-07T07:04:51.9061011Z http.https://github.com/.extraheader
determinism	Post Run actions/checkout@v4	2026-10-07T07:04:51.9067126Z [command]/usr/bin/git config --local --unset-all http.https://github.com/.extraheader
determinism	Post Run actions/checkout@v4	2026-10-07T07:04:51.9089902Z [command]/usr/bin/git submodule foreach --recursive sh -c "git config --local --name-only --get-regexp 'http\.https\:\/\/github\.com\/\.extraheader' && git config --local --unset-all 'http.https://github.com/.extraheader' || :"
determinism	Post Run actions/checkout@v4	2026-10-07T07:04:51.9249624Z [command]/usr/bin/git config --local --name-only --get-regexp ^includeIf\.gitdir:
determinism	Post Run actions/checkout@v4	2026-10-07T07:04:51.9270770Z [command]/usr/bin/git submodule foreach --recursive git config --local --show-origin --name-only --get-regexp remote.origin.url
determinism	Complete job	﻿2026-10-07T07:04:51.9554318Z Cleaning up orphan processes
determinism	Complete job	2026-10-07T07:04:51.9724177Z ##[warning]Node.js 20 is deprecated. The following actions target Node.js 20 but are being forced to run on Node.js 24: actions/checkout@v4, astral-sh/setup-uv@v3. For more information see: https://github.blog/changelog/2025-09-19-deprecation-of-node-20-on-github-actions-runners/

Exit code: 0
Elapsed seconds: 3.120
